Handle,Command,Variant SKU,Variant Inventory Qty,Variant Inventory Policy
400140,MERGE,400140,1,deny
28240_a,MERGE,28240_A,1,deny
41430_a,MERGE,41430_A,28,deny
28240,MERGE,28240,1,deny
770854res_a,MERGE,770854RES_A,76,deny
28240red_a,MERGE,28240RED_A,8,deny
28240red,MERGE,28240RED,8,deny
88207,MERGE,88207,103,deny
88208,MERGE,88208,276,deny
cvpthrt37r,MERGE,CVPTHRT37R,9,deny
31450,MERGE,31450,1,deny
96132,MERGE,96132,25,deny
96133,MERGE,96133,25,deny
70344,MERGE,70344,1,deny
699800,MERGE,699800,52,deny
689087,MERGE,689087,47,deny
hp80010,MERGE,HP80010,89,deny
s-g11912-gbd,MERGE,S-G11912-GBD,1,deny
f-d10917a-pr6,MERGE,F-D10917A-PR6,1,deny
f-d10917a-pdn,MERGE,F-D10917A-PDN,1,deny
s-g11911-g42,MERGE,S-G11911-G42,1,deny
f-c12211-g42,MERGE,F-C12211-G42,1,deny
f-c12011a-g42,MERGE,F-C12011A-G42,1,deny
s-g11912-gjv,MERGE,S-G11912-GJV,1,deny
s-f20911a-e9,MERGE,S-F20911A-E9,1,deny
f-f20911b-e9,MERGE,F-F20911B-E9,1,deny
s-d10917-pr6,MERGE,S-D10917-PR6,1,deny
s-d10917-pdn,MERGE,S-D10917-PDN,1,deny
s-g11912-g42,MERGE,S-G11912-G42,1,deny
f-g12011a-g42,MERGE,F-G12011A-G42,1,deny
f-g12011a-gbd,MERGE,F-G12011A-GBD,1,deny
f-g12011a-gjv,MERGE,F-G12011A-GJV,1,deny
s-t12511-040,MERGE,S-T12511-040,1,deny
s-c12210-g42,MERGE,S-C12210-G42,1,deny
s-c12215-g42,MERGE,S-C12215-G42,1,deny
f-t12511-040,MERGE,F-T12511-040,1,deny
f-t12511-4z2,MERGE,F-T12511-4Z2,1,deny
f-t12511-4z0,MERGE,F-T12511-4Z0,1,deny
s-d319205-pr6,MERGE,S-D319205-PR6,1,deny
f-t12511-6x7,MERGE,F-T12511-6X7,1,deny
f-t12511-796,MERGE,F-T12511-796,1,deny
s-f20231-z1,MERGE,S-F20231-Z1,1,deny
s-f20231-t9,MERGE,S-F20231-T9,1,deny
s-f20231-e9,MERGE,S-F20231-E9,1,deny
s-d319205-pj7,MERGE,S-D319205-PJ7,1,deny
s-d319205-pg9,MERGE,S-D319205-PG9,1,deny
s-d319205-pdn,MERGE,S-D319205-PDN,1,deny
o-t12421-4z2,MERGE,O-T12421-4Z2,1,deny
o-t12421-796,MERGE,O-T12421-796,1,deny
o-t12421-8x0,MERGE,O-T12421-8X0,1,deny
f-t12421-8x0,MERGE,F-T12421-8X0,1,deny
f-t12421-796,MERGE,F-T12421-796,1,deny
f-t12421-4z2,MERGE,F-T12421-4Z2,1,deny
f-f20231-e9,MERGE,F-F20231-E9,1,deny
a-c12211-g42,MERGE,A-C12211-G42,1,deny
s-t42211-796,MERGE,S-T42211-796,1,deny
s-t42211-4z2,MERGE,S-T42211-4Z2,1,deny
s-t42211-1l7,MERGE,S-T42211-1L7,1,deny
f-c11950a-g42,MERGE,F-C11950A-G42,1,deny
s-t42211-1k6,MERGE,S-T42211-1K6,1,deny
f-f20231-t9,MERGE,F-F20231-T9,1,deny
f-t11413-1k6,MERGE,F-T11413-1K6,1,deny
f-t11413-796,MERGE,F-T11413-796,1,deny
f-t11413-4z2,MERGE,F-T11413-4Z2,1,deny
f-t11413-1l7,MERGE,F-T11413-1L7,1,deny
f-f20231-z1,MERGE,F-F20231-Z1,1,deny
51509550,MERGE,51509550,187,deny
hp20011,MERGE,HP20011,182,deny
hp20011-rcgb,MERGE,HP20011-RCGB,11,deny
96129,MERGE,96129,134,deny
57006,MERGE,57006,123,deny
51505650,MERGE,51505650,126,deny
96131,MERGE,96131,1,deny
72700,MERGE,72700,22,deny
77244,MERGE,77244,1,deny
77240,MERGE,77240,1,deny
77231,MERGE,77231,1,deny
77230,MERGE,77230,1,deny
esr71520,MERGE,ESR71520,366,deny
73134,MERGE,73134,65,deny
esr050205,MERGE,ESR050205,163,deny
esr71520,MERGE,ESR71520,366,deny
esr050210,MERGE,ESR050210,163,deny
esr71525,MERGE,ESR71525,260,deny
esr61920,MERGE,ESR61920,34,deny
esr70900,MERGE,ESR70900,60,deny
esr652024,MERGE,ESR652024,173,deny
esr61920,MERGE,ESR61920,34,deny
esr61925,MERGE,ESR61925,34,deny
esr51523,MERGE,ESR51523,66,deny
esr51518,MERGE,ESR51518,66,deny
esr51330,MERGE,ESR51330,559,deny
13007-ga0,MERGE,13007-GA0,1,deny
13007-gjv,MERGE,13007-GJV,1,deny
13007-gan,MERGE,13007-GAN,1,deny
13007-gaz,MERGE,13007-GAZ,1,deny
13007-g6m,MERGE,13007-G6M,1,deny
13007-gb8,MERGE,13007-GB8,1,deny
13007-gba,MERGE,13007-GBA,1,deny
13007-gbd,MERGE,13007-GBD,1,deny
13007-gtl,MERGE,13007-GTL,1,deny
13007-glt,MERGE,13007-GLT,1,deny
13007-gno,MERGE,13007-GNO,1,deny
13007-g7c,MERGE,13007-G7C,1,deny
13007-gxd,MERGE,13007-GXD,1,deny
13007-gxn,MERGE,13007-GXN,1,deny
13007-gxp,MERGE,13007-GXP,1,deny
rc09281a,MERGE,RC09281A,331,deny
99090,MERGE,99090,44,deny
23337_a,MERGE,23337_A,209,deny
23338_a,MERGE,23338_A,191,deny
75657,MERGE,75657,35,deny
75650,MERGE,75650,35,deny
699865,MERGE,699865,43,deny
689178,MERGE,689178,35,deny
684180,MERGE,684180,36,deny
684149,MERGE,684149,49,deny
tc13027,MERGE,TC13027,109,deny
72120,MERGE,72120,105,deny
72119,MERGE,72119,24,deny
hp80011-rcgb,MERGE,HP80011-RCGB,32,deny
98202490,MERGE,98202490,44,deny
hp80011,MERGE,HP80011,140,deny
hp80010-rcgb,MERGE,HP80010-RCGB,23,deny
51159,MERGE,51159,9,deny
51160,MERGE,51160,9,deny
51161,MERGE,51161,1,deny
24000,MERGE,24000,132,deny
84320,MERGE,84320,25,deny
30005,MERGE,30005,1,deny
9979,MERGE,9979,43,deny
99088,MERGE,99088,221,deny
74330,MERGE,74330,1,deny
pw059391,MERGE,PW059391,112,deny
25000,MERGE,25000,86,deny
96128,MERGE,96128,14,deny
95020,MERGE,95020,16,deny
770855_b,MERGE,770855_B,140,deny
45000,MERGE,45000,414,deny
45001,MERGE,45001,48,deny
65000,MERGE,65000,427,deny
25001,MERGE,25001,464,deny
734064,MERGE,734064,43,deny
51504600,MERGE,51504600,97,deny
86740,MERGE,86740,1,deny
734054,MERGE,734054,3,deny
23329-2_a,MERGE,23329-2_A,58,deny
hp20010,MERGE,HP20010,163,deny
hp10011-rcgb,MERGE,HP10011-RCGB,22,deny
hp20010-rcgb,MERGE,HP20010-RCGB,50,deny
hp10011,MERGE,HP10011,89,deny
10664,MERGE,10664,171,deny
73133,MERGE,73133,72,deny
53002,MERGE,53002,75,deny
53001,MERGE,53001,72,deny
hp30010,MERGE,HP30010,86,deny
734065,MERGE,734065,27,deny
hp30010-rcgb,MERGE,HP30010-RCGB,28,deny
91071l,MERGE,91071L,1,deny
hp10010-rcgb,MERGE,HP10010-RCGB,122,deny
51212,MERGE,51212,5,deny
rcm692,MERGE,RCM692,1,deny
51212w,MERGE,51212W,3,deny
791017,MERGE,791017,1,deny
789018,MERGE,789018,1,deny
hp10010,MERGE,HP10010,34,deny
789017,MERGE,789017,1,deny
8749130ws,MERGE,8749130WS,203,deny
8734230ws,MERGE,8734230WS,835,deny
8731730ws,MERGE,8731730WS,1254,deny
502189,MERGE,502189,71,deny
502080_a,MERGE,502080_A,102,deny
502154_c,MERGE,502154_C,64,deny
502154_a,MERGE,502154_A,64,deny
502154_b,MERGE,502154_B,64,deny
684198,MERGE,684198,52,deny
pw059331,MERGE,PW059331,31,deny
46830,MERGE,46830,8,deny
94000,MERGE,94000,119,deny
13007,MERGE,13007,61,deny
41015,MERGE,41015,20,deny
esr70911,MERGE,ESR70911,274,deny
51210690,MERGE,51210690,96,deny
51309650,MERGE,51309650,43,deny
51309550,MERGE,51309550,88,deny
760865_b,MERGE,760865_B,107,deny
760865_c,MERGE,760865_C,107,deny
770768_ac,MERGE,770768_AC,51,deny
vpxt208r,MERGE,VPXT208R,204,deny
791015,MERGE,791015,30,deny
789015,MERGE,789015,32,deny
99095,MERGE,99095,739,deny
789016,MERGE,789016,30,deny
72014,MERGE,72014,217,deny
esr51920,MERGE,ESR51920,1,deny
esr9010,MERGE,ESR9010,222,deny
13006-gxn,MERGE,13006-GXN,1,deny
13006-gb8,MERGE,13006-GB8,1,deny
13006-gba,MERGE,13006-GBA,1,deny
13006-gno,MERGE,13006-GNO,1,deny
13006-gbd,MERGE,13006-GBD,1,deny
13006-gjv,MERGE,13006-GJV,1,deny
13006-glt,MERGE,13006-GLT,1,deny
50415500,MERGE,50415500,349,deny
13006-gxp,MERGE,13006-GXP,1,deny
13006-gaz,MERGE,13006-GAZ,1,deny
13006-ga0,MERGE,13006-GA0,1,deny
13006-gan,MERGE,13006-GAN,1,deny
13006-g7c,MERGE,13006-G7C,1,deny
13006-g6m,MERGE,13006-G6M,1,deny
13006,MERGE,13006,61,deny
13006-gxd,MERGE,13006-GXD,1,deny
95000,MERGE,95000,1,deny
13006-gtl,MERGE,13006-GTL,1,deny
8733410,MERGE,8733410,132,deny
76331,MERGE,76331,13,deny
93224,MERGE,93224,48,deny
93304,MERGE,93304,54,deny
93303,MERGE,93303,114,deny
93302,MERGE,93302,114,deny
93301,MERGE,93301,114,deny
501198,MERGE,501198,75,deny
tvprt02n,MERGE,TVPRT02N,37,deny
502198,MERGE,502198,94,deny
41716505a,MERGE,41716505A,1,deny
400340,MERGE,400340,2,deny
93215,MERGE,93215,54,deny
10585,MERGE,10585,1,deny
10613v2,MERGE,10613V2,1,deny
93212,MERGE,93212,90,deny
93213,MERGE,93213,90,deny
93214,MERGE,93214,90,deny
88206,MERGE,88206,90,deny
10660,MERGE,10660,1,deny
73225,MERGE,73225,169,deny
77300,MERGE,77300,72,deny
rc09901,MERGE,RC09901,20,deny
ff-6141_a,MERGE,FF-6141_A,84,deny
75014,MERGE,75014,98,deny
770868_a,MERGE,770868_A,131,deny
rc0994,MERGE,RC0994,10,deny
s-f20231-dr,MERGE,S-F20231-DR,1,deny
s-t42211-1g3,MERGE,S-T42211-1G3,1,deny
50415551,MERGE,50415551,136,deny
f-d319205-pas,MERGE,F-D319205-PAS,1,deny
a-f20231-m7,MERGE,A-F20231-M7,1,deny
a-f20231-dr,MERGE,A-F20231-DR,1,deny
51214550,MERGE,51214550,105,deny
s-f20911a-t9,MERGE,S-F20911A-T9,1,deny
s-f20911a-lj,MERGE,S-F20911A-LJ,1,deny
f-d10917a-pse,MERGE,F-D10917A-PSE,1,deny
s-d319205-pse,MERGE,S-D319205-PSE,1,deny
f-f320210a-lj,MERGE,F-F320210A-LJ,1,deny
s-d319205-pcg,MERGE,S-D319205-PCG,1,deny
s-d319205-pb8,MERGE,S-D319205-PB8,1,deny
s-d319205-pau,MERGE,S-D319205-PAU,1,deny
s-d319205-pas,MERGE,S-D319205-PAS,1,deny
s-d10917-pse,MERGE,S-D10917-PSE,1,deny
s-d10917-pcg,MERGE,S-D10917-PCG,1,deny
s-d10917-pas,MERGE,S-D10917-PAS,1,deny
f-f320210a-t9,MERGE,F-F320210A-T9,1,deny
51129651,MERGE,51129651,157,deny
f-f20911b-t9,MERGE,F-F20911B-T9,1,deny
f-d319205-pcg,MERGE,F-D319205-PCG,1,deny
f-d319205-pse,MERGE,F-D319205-PSE,1,deny
f-f12401-e7,MERGE,F-F12401-E7,1,deny
49225650_a,MERGE,49225650_A,174,deny
f-f12401-t9,MERGE,F-F12401-T9,1,deny
49225650,MERGE,49225650,174,deny
f-d319205-pau,MERGE,F-D319205-PAU,1,deny
f-d319205-pb8,MERGE,F-D319205-PB8,1,deny
f-c12311-gae,MERGE,F-C12311-GAE,1,deny
f-c12311-gal,MERGE,F-C12311-GAL,1,deny
49221550,MERGE,49221550,884,deny
f-c12311-gbf,MERGE,F-C12311-GBF,1,deny
49220550,MERGE,49220550,121,deny
f-f12401-va,MERGE,F-F12401-VA,1,deny
f-f20231-dr,MERGE,F-F20231-DR,1,deny
f-c12311-gnt,MERGE,F-C12311-GNT,1,deny
f-d10917a-pas,MERGE,F-D10917A-PAS,1,deny
f-d10917a-pcg,MERGE,F-D10917A-PCG,1,deny
f-f20911b-lj,MERGE,F-F20911B-LJ,1,deny
a-d319205-pas,MERGE,A-D319205-PAS,1,deny
a-d319205-pau,MERGE,A-D319205-PAU,1,deny
a-d319205-pb8,MERGE,A-D319205-PB8,1,deny
a-d319205-pcg,MERGE,A-D319205-PCG,1,deny
a-d319205-pse,MERGE,A-D319205-PSE,1,deny
55010,MERGE,55010,137,deny
55009,MERGE,55009,135,deny
51120500,MERGE,51120500,198,deny
50410600,MERGE,50410600,52,deny
50210520,MERGE,50210520,39,deny
73405,MERGE,73405,42,deny
71155,MERGE,71155,34,deny
71154,MERGE,71154,27,deny
73406,MERGE,73406,93,deny
50215522,MERGE,50215522,1,deny
57009,MERGE,57009,10,deny
50219500,MERGE,50219500,36,deny
50120525,MERGE,50120525,1,deny
vpxt215r,MERGE,VPXT215R,1,deny
88205,MERGE,88205,90,deny
51162,MERGE,51162,171,deny
33010,MERGE,33010,100,deny
98102492,MERGE,98102492,59,deny
51164,MERGE,51164,171,deny
98222270,MERGE,98222270,40,deny
51163,MERGE,51163,171,deny
57004,MERGE,57004,202,deny
76171218,MERGE,76171218,3,deny
76171211,MERGE,76171211,32,deny
76171210,MERGE,76171210,1,deny
76170914,MERGE,76170914,97,deny
76170913,MERGE,76170913,81,deny
76171212,MERGE,76171212,1,deny
57007,MERGE,57007,164,deny
13015,MERGE,13015,131,deny
47415551b,MERGE,47415551B,1,deny
rc0995,MERGE,RC0995,56,deny
rc0996,MERGE,RC0996,42,deny
47410600b,MERGE,47410600B,1,deny
391015,MERGE,391015,195,deny
82150730,MERGE,82150730,1,deny
301016,MERGE,301016,200,deny
301015,MERGE,301015,201,deny
82150735,MERGE,82150735,66,deny
82150737,MERGE,82150737,43,deny
47540,MERGE,47540,66,deny
82150733,MERGE,82150733,1,deny
14012,MERGE,14012,30,deny
tvprt20n,MERGE,TVPRT20N,1,deny
71215,MERGE,71215,33,deny
92093blk,MERGE,92093BLK,47,deny
71212,MERGE,71212,33,deny
96127,MERGE,96127,45,deny
51155,MERGE,51155,34,deny
51156,MERGE,51156,34,deny
96126,MERGE,96126,45,deny
96125,MERGE,96125,45,deny
96124,MERGE,96124,45,deny
51158,MERGE,51158,34,deny
51154,MERGE,51154,34,deny
51157,MERGE,51157,3,deny
92097,MERGE,92097,55,deny
47229650b,MERGE,47229650B,18,deny
47221550b,MERGE,47221550B,1,deny
47229650_a,MERGE,47229650_A,18,deny
710hs,MERGE,710HS,534,deny
ff-71213,MERGE,FF-71213,45,deny
41215700a,MERGE,41215700A,1,deny
10749,MERGE,10749,13,deny
93207,MERGE,93207,95,deny
10752,MERGE,10752,13,deny
10753,MERGE,10753,13,deny
50214500,MERGE,50214500,417,deny
10751,MERGE,10751,13,deny
75644_a,MERGE,75644_A,81,deny
75500a,MERGE,75500A,1,deny
97096,MERGE,97096,131,deny
97097,MERGE,97097,72,deny
92095,MERGE,92095,127,deny
92096,MERGE,92096,17,deny
93218,MERGE,93218,36,deny
77044_a,MERGE,77044_A,1,deny
93211,MERGE,93211,78,deny
92094,MERGE,92094,127,deny
93223,MERGE,93223,36,deny
93217,MERGE,93217,36,deny
93219,MERGE,93219,36,deny
97095,MERGE,97095,49,deny
90940,MERGE,90940,11,deny
90540,MERGE,90540,2,deny
94140,MERGE,94140,11,deny
91840,MERGE,91840,11,deny
94040,MERGE,94040,11,deny
10050,MERGE,10050,90,deny
66044,MERGE,66044,1,deny
10050red,MERGE,10050RED,159,deny
65540,MERGE,65540,2,deny
65440,MERGE,65440,2,deny
94440,MERGE,94440,1,deny
91740,MERGE,91740,1,deny
69140,MERGE,69140,11,deny
71211,MERGE,71211,66,deny
62840,MERGE,62840,1,deny
62740,MERGE,62740,1,deny
85004,MERGE,85004,17,deny
51507650,MERGE,51507650,368,deny
69040,MERGE,69040,2,deny
51527991,MERGE,51527991,9,deny
50019,MERGE,50019,18,deny
91540,MERGE,91540,2,deny
91640,MERGE,91640,11,deny
91940,MERGE,91940,2,deny
10813,MERGE,10813,18,deny
734074,MERGE,734074,158,deny
10815,MERGE,10815,18,deny
734075,MERGE,734075,98,deny
10748,MERGE,10748,18,deny
57008,MERGE,57008,150,deny
82170912c,MERGE,82170912C,1,deny
75013,MERGE,75013,120,deny
82170918c,MERGE,82170918C,1,deny
82170913c,MERGE,82170913C,123,deny
82151813c,MERGE,82151813C,10,deny
98142312,MERGE,98142312,99,deny
70118,MERGE,70118,680,deny
501187,MERGE,501187,71,deny
111457,MERGE,111457,2,deny
111450,MERGE,111450,2,deny
111440,MERGE,111440,2,deny
111431,MERGE,111431,1,deny
111430d,MERGE,111430D,2,deny
111430,MERGE,111430,2,deny
111657,MERGE,111657,1,deny
111631,MERGE,111631,1,deny
111640,MERGE,111640,1,deny
111630,MERGE,111630,1,deny
111630d,MERGE,111630D,1,deny
71213,MERGE,71213,263,deny
111650,MERGE,111650,1,deny
71214,MERGE,71214,73,deny
111531,MERGE,111531,1,deny
111550,MERGE,111550,1,deny
111330,MERGE,111330,2,deny
111331,MERGE,111331,2,deny
111330d,MERGE,111330D,2,deny
111350,MERGE,111350,1,deny
73031,MERGE,73031,5,deny
73042,MERGE,73042,42,deny
111357,MERGE,111357,1,deny
111557,MERGE,111557,1,deny
111530d,MERGE,111530D,1,deny
93208,MERGE,93208,1,deny
88204,MERGE,88204,40,deny
82170918m,MERGE,82170918M,194,deny
82170913m,MERGE,82170913M,210,deny
111530,MERGE,111530,1,deny
87170912c,MERGE,87170912C,6,deny
88202,MERGE,88202,28,deny
87170918c,MERGE,87170918C,116,deny
33006,MERGE,33006,62,deny
33009,MERGE,33009,62,deny
33005,MERGE,33005,62,deny
33008,MERGE,33008,62,deny
33007,MERGE,33007,59,deny
33002,MERGE,33002,59,deny
33000,MERGE,33000,59,deny
33003,MERGE,33003,59,deny
70115,MERGE,70115,308,deny
10814,MERGE,10814,15,deny
85170913c,MERGE,85170913C,26,deny
85170010c,MERGE,85170010C,1,deny
85170912c,MERGE,85170912C,1,deny
85170918c,MERGE,85170918C,1,deny
85002,MERGE,85002,49,deny
77044,MERGE,77044,1,deny
501199,MERGE,501199,98,deny
77030,MERGE,77030,1,deny
75007,MERGE,75007,3,deny
77040,MERGE,77040,1,deny
77031,MERGE,77031,1,deny
684199,MERGE,684199,84,deny
502199,MERGE,502199,74,deny
51148,MERGE,51148,10,deny
70909,MERGE,70909,138,deny
75012,MERGE,75012,11,deny
93174blk,MERGE,93174BLK,1,deny
93155blk,MERGE,93155BLK,110,deny
51144,MERGE,51144,13,deny
70908,MERGE,70908,90,deny
50123551,MERGE,50123551,176,deny
98252582,MERGE,98252582,32,deny
501191,MERGE,501191,75,deny
50123560,MERGE,50123560,185,deny
rc09301,MERGE,RC09301,164,deny
51515551,MERGE,51515551,161,deny
85003,MERGE,85003,117,deny
98222275,MERGE,98222275,34,deny
98162310,MERGE,98162310,60,deny
98202310,MERGE,98202310,82,deny
73407,MERGE,73407,84,deny
sm21313,MERGE,SM21313,63,deny
82014,MERGE,82014,96,deny
72642,MERGE,72642,1,deny
72631,MERGE,72631,1,deny
50120580,MERGE,50120580,251,deny
50210650,MERGE,50210650,49,deny
41014,MERGE,41014,185,deny
44012,MERGE,44012,20,deny
98202690,MERGE,98202690,81,deny
98252580,MERGE,98252580,26,deny
50514550,MERGE,50514550,176,deny
55006,MERGE,55006,202,deny
51151,MERGE,51151,41,deny
51153,MERGE,51153,7,deny
57003,MERGE,57003,144,deny
51152,MERGE,51152,246,deny
51150,MERGE,51150,13,deny
95112,MERGE,95112,17,deny
73404,MERGE,73404,71,deny
f-c12011a-gbd,MERGE,F-C12011A-GBD,1,deny
s-c12215-gbd,MERGE,S-C12215-GBD,1,deny
s-c12210-gbd,MERGE,S-C12210-GBD,1,deny
s-c12210-gjv,MERGE,S-C12210-GJV,1,deny
50018,MERGE,50018,39,deny
f-c12211-gbd,MERGE,F-C12211-GBD,1,deny
f-c319201a-gjv,MERGE,F-C319201A-GJV,1,deny
50018red,MERGE,50018RED,59,deny
f-c319201a-gbd,MERGE,F-C319201A-GBD,1,deny
85001,MERGE,85001,170,deny
75011,MERGE,75011,1,deny
f-c12211-gjv,MERGE,F-C12211-GJV,1,deny
65444,MERGE,65444,2,deny
90544,MERGE,90544,2,deny
69044,MERGE,69044,2,deny
79844,MERGE,79844,24,deny
94144,MERGE,94144,11,deny
62744,MERGE,62744,1,deny
91944,MERGE,91944,2,deny
79544,MERGE,79544,24,deny
94044,MERGE,94044,11,deny
94444,MERGE,94444,1,deny
pw050158,MERGE,PW050158,84,deny
10920,MERGE,10920,138,deny
75644,MERGE,75644,81,deny
41419660a,MERGE,41419660A,64,deny
41419560a,MERGE,41419560A,1,deny
79244,MERGE,79244,25,deny
66844,MERGE,66844,27,deny
5063.1,MERGE,5063.1,16,deny
67644,MERGE,67644,69,deny
30004,MERGE,30004,42,deny
502190,MERGE,502190,129,deny
35230,MERGE,35230,16,deny
34230,MERGE,34230,16,deny
67944,MERGE,67944,129,deny
91344,MERGE,91344,91,deny
91844,MERGE,91844,11,deny
57005,MERGE,57005,252,deny
91744,MERGE,91744,1,deny
91544,MERGE,91544,2,deny
91644,MERGE,91644,11,deny
66644,MERGE,66644,62,deny
68344,MERGE,68344,1,deny
67444,MERGE,67444,1,deny
69144,MERGE,69144,11,deny
68144,MERGE,68144,36,deny
67744,MERGE,67744,6,deny
65544,MERGE,65544,2,deny
67344,MERGE,67344,3,deny
66944,MERGE,66944,114,deny
68244,MERGE,68244,11,deny
69344,MERGE,69344,8,deny
79644,MERGE,79644,74,deny
69444,MERGE,69444,19,deny
38530,MERGE,38530,29,deny
38540,MERGE,38540,29,deny
78444,MERGE,78444,1,deny
38570,MERGE,38570,16,deny
78944,MERGE,78944,1,deny
79344,MERGE,79344,1,deny
79744,MERGE,79744,56,deny
72644,MERGE,72644,1,deny
64944,MERGE,64944,1,deny
64844,MERGE,64844,1,deny
67844,MERGE,67844,134,deny
62844,MERGE,62844,1,deny
90944,MERGE,90944,11,deny
9476,MERGE,9476,101,deny
9477,MERGE,9477,239,deny
rc09902,MERGE,RC09902,79,deny
hs30020-va,MERGE,HS30020-VA,1,deny
hs30020-e7,MERGE,HS30020-E7,1,deny
hs30020-fa,MERGE,HS30020-FA,1,deny
hs30020-g1,MERGE,HS30020-G1,29,deny
hs30020-g4,MERGE,HS30020-G4,1,deny
hs30020-hx,MERGE,HS30020-HX,1,deny
hs30020-js,MERGE,HS30020-JS,1,deny
hs30020-m7,MERGE,HS30020-M7,1,deny
hs30020-yz,MERGE,HS30020-YZ,1,deny
hs30020,MERGE,HS30020,24,deny
hs30020-pq,MERGE,HS30020-PQ,1,deny
hs30020-t9,MERGE,HS30020-T9,1,deny
770806res_b,MERGE,770806RES_B,33,deny
770738res_e,MERGE,770738RES_E,1,deny
770752res_a,MERGE,770752RES_A,170,deny
770750res_a,MERGE,770750RES_A,215,deny
770740res_b,MERGE,770740RES_B,167,deny
770738res_a,MERGE,770738RES_A,1,deny
770738res_b,MERGE,770738RES_B,1,deny
770738res_c,MERGE,770738RES_C,1,deny
770738res_d,MERGE,770738RES_D,1,deny
770807res_a,MERGE,770807RES_A,41,deny
770866res_a,MERGE,770866RES_A,76,deny
770738res_g,MERGE,770738RES_G,1,deny
770738res_h,MERGE,770738RES_H,1,deny
770738res_i,MERGE,770738RES_I,1,deny
770738res_j,MERGE,770738RES_J,1,deny
41840,MERGE,41840,22,deny
770738res_p,MERGE,770738RES_P,1,deny
770738res_n,MERGE,770738RES_N,1,deny
770738res_m,MERGE,770738RES_M,1,deny
770738res_l,MERGE,770738RES_L,1,deny
770738res_f,MERGE,770738RES_F,1,deny
770865res_c,MERGE,770865RES_C,163,deny
770826res_a,MERGE,770826RES_A,141,deny
770808res_a,MERGE,770808RES_A,137,deny
770808res_b,MERGE,770808RES_B,137,deny
770806res_a,MERGE,770806RES_A,33,deny
770809res_a,MERGE,770809RES_A,209,deny
770812res_b,MERGE,770812RES_B,44,deny
770824res_a,MERGE,770824RES_A,43,deny
770738res_k,MERGE,770738RES_K,1,deny
770833res_a,MERGE,770833RES_A,46,deny
770865res_b,MERGE,770865RES_B,163,deny
770834res_a,MERGE,770834RES_A,1,deny
770778res_a,MERGE,770778RES_A,91,deny
770865res_a,MERGE,770865RES_A,163,deny
711062,MERGE,711062,67,deny
11310,MERGE,11310,1,deny
711482,MERGE,711482,69,deny
711472,MERGE,711472,81,deny
711442,MERGE,711442,104,deny
711222,MERGE,711222,108,deny
ff-71618,MERGE,FF-71618,172,deny
rc09903,MERGE,RC09903,286,deny
88457,MERGE,88457,1,deny
911418,MERGE,911418,21,deny
911924,MERGE,911924,358,deny
88450,MERGE,88450,1,deny
941924,MERGE,941924,36,deny
942924,MERGE,942924,81,deny
931524,MERGE,931524,328,deny
88440,MERGE,88440,1,deny
88431,MERGE,88431,1,deny
4302,MERGE,4302,19,deny
88430,MERGE,88430,1,deny
pw049817,MERGE,PW049817,97,deny
70965,MERGE,70965,164,deny
501194,MERGE,501194,68,deny
51215,MERGE,51215,120,deny
49420650,MERGE,49420650,158,deny
50514551,MERGE,50514551,560,deny
pw049818,MERGE,PW049818,144,deny
502194,MERGE,502194,83,deny
91064,MERGE,91064,190,deny
51419550,MERGE,51419550,52,deny
21018,MERGE,21018,203,deny
49415551,MERGE,49415551,676,deny
10038awc,MERGE,10038AWC,1,deny
10038,MERGE,10038,1,deny
10038ac,MERGE,10038AC,26,deny
hs60010-pw7,MERGE,HS60010-PW7,1,deny
hs60010-px8,MERGE,HS60010-PX8,1,deny
hs60010-psc,MERGE,HS60010-PSC,1,deny
hs60010-pse,MERGE,HS60010-PSE,1,deny
hs60010-py5,MERGE,HS60010-PY5,1,deny
hs60010-pyv,MERGE,HS60010-PYV,1,deny
hs60010-pht,MERGE,HS60010-PHT,1,deny
hs60010-pau,MERGE,HS60010-PAU,1,deny
hs60010-php,MERGE,HS60010-PHP,1,deny
hs60010-pgk,MERGE,HS60010-PGK,1,deny
hs60010-pbj,MERGE,HS60010-PBJ,1,deny
hs60010-pj5,MERGE,HS60010-PJ5,1,deny
hs60010-pgg,MERGE,HS60010-PGG,1,deny
hs60010-pge,MERGE,HS60010-PGE,1,deny
hs60010-pfb,MERGE,HS60010-PFB,1,deny
hs60010-pe4,MERGE,HS60010-PE4,1,deny
hs60010-pds,MERGE,HS60010-PDS,1,deny
hs60010-pdn,MERGE,HS60010-PDN,1,deny
hs60010-pbm,MERGE,HS60010-PBM,1,deny
hs60010,MERGE,HS60010,49,deny
hs60010-pjf,MERGE,HS60010-PJF,1,deny
hs60010-pps,MERGE,HS60010-PPS,1,deny
hs60010-ppt,MERGE,HS60010-PPT,1,deny
hs60010-prv,MERGE,HS60010-PRV,1,deny
hs60010-pqb,MERGE,HS60010-PQB,1,deny
hs60010-prc,MERGE,HS60010-PRC,1,deny
hs60010-pgp,MERGE,HS60010-PGP,1,deny
88200,MERGE,88200,139,deny
91063,MERGE,91063,1,deny
sm71326,MERGE,SM71326,144,deny
82170912m,MERGE,82170912M,216,deny
82151813m,MERGE,82151813M,155,deny
82181212m,MERGE,82181212M,152,deny
28840red_a,MERGE,28840RED_A,8,deny
28857red_a,MERGE,28857RED_A,40,deny
28831red_a,MERGE,28831RED_A,53,deny
699055,MERGE,699055,61,deny
28850red_a,MERGE,28850RED_A,3,deny
501177_a,MERGE,501177_A,199,deny
502177_a,MERGE,502177_A,68,deny
91240,MERGE,91240,2,deny
111270,MERGE,111270,1,deny
111255,MERGE,111255,1,deny
111240,MERGE,111240,1,deny
111230,MERGE,111230,1,deny
111150,MERGE,111150,1,deny
110840,MERGE,110840,20,deny
111140,MERGE,111140,34,deny
111130,MERGE,111130,49,deny
111070,MERGE,111070,2,deny
111040,MERGE,111040,2,deny
111030,MERGE,111030,4,deny
110870,MERGE,110870,20,deny
110830,MERGE,110830,20,deny
110850,MERGE,110850,1,deny
111055,MERGE,111055,4,deny
111170,MERGE,111170,33,deny
28857_a,MERGE,28857_A,1,deny
28830_a,MERGE,28830_A,1,deny
28850_a,MERGE,28850_A,1,deny
28830red_a,MERGE,28830RED_A,53,deny
28840_a,MERGE,28840_A,1,deny
28831_a,MERGE,28831_A,1,deny
o-f12124-g4,MERGE,O-F12124-G4,1,deny
47220520b,MERGE,47220520B,72,deny
a-c12211-gbd,MERGE,A-C12211-GBD,1,deny
a-c12211-gjv,MERGE,A-C12211-GJV,1,deny
s-f32241-a3,MERGE,S-F32241-A3,1,deny
s-f32241-e7,MERGE,S-F32241-E7,1,deny
o-f12124-e7,MERGE,O-F12124-E7,1,deny
o-f12124-fa,MERGE,O-F12124-FA,1,deny
s-f32241-fa,MERGE,S-F32241-FA,1,deny
s-f32241-lb,MERGE,S-F32241-LB,1,deny
501159,MERGE,501159,26,deny
501169,MERGE,501169,82,deny
s-f32241-ne,MERGE,S-F32241-NE,1,deny
o-f12124-t9,MERGE,O-F12124-T9,1,deny
o-f12124-va,MERGE,O-F12124-VA,1,deny
s-f32241-va,MERGE,S-F32241-VA,1,deny
98232010,MERGE,98232010,60,deny
98162030,MERGE,98162030,28,deny
51219,MERGE,51219,39,deny
51213,MERGE,51213,26,deny
tc13030,MERGE,TC13030,84,deny
47214650b,MERGE,47214650B,18,deny
pw052240a,MERGE,PW052240A,16,deny
sm71323,MERGE,SM71323,284,deny
47214550b,MERGE,47214550B,1,deny
10473,MERGE,10473,124,deny
10747a,MERGE,10747A,13,deny
51120580,MERGE,51120580,51,deny
10750,MERGE,10750,13,deny
51514551,MERGE,51514551,156,deny
50017,MERGE,50017,19,deny
50017red,MERGE,50017RED,32,deny
55008,MERGE,55008,136,deny
21800,MERGE,21800,1,deny
55004,MERGE,55004,99,deny
400258,MERGE,400258,1,deny
400259,MERGE,400259,1,deny
98201930,MERGE,98201930,43,deny
400459,MERGE,400459,2,deny
400458,MERGE,400458,2,deny
501110,MERGE,501110,1,deny
400157,MERGE,400157,1,deny
400130,MERGE,400130,1,deny
sm71324,MERGE,SM71324,98,deny
400357,MERGE,400357,5,deny
400330,MERGE,400330,5,deny
sm71325,MERGE,SM71325,52,deny
s-m19001,MERGE,S-M19001,172,deny
400159,MERGE,400159,1,deny
400158,MERGE,400158,1,deny
400359,MERGE,400359,1,deny
400031,MERGE,400031,1,deny
400358,MERGE,400358,1,deny
110700,MERGE,110700,1,deny
f-t12511,MERGE,F-T12511,69,deny
11020,MERGE,11020,26,deny
f-t12511-089,MERGE,F-T12511-089,1,deny
f-t12511-1l0,MERGE,F-T12511-1L0,1,deny
f-t12511-1l7,MERGE,F-T12511-1L7,1,deny
f-t12511-202,MERGE,F-T12511-202,1,deny
47120500b,MERGE,47120500B,1,deny
f-t12511-8x0,MERGE,F-T12511-8X0,1,deny
47120600b,MERGE,47120600B,197,deny
f-t12511-3u5,MERGE,F-T12511-3U5,1,deny
60800red,MERGE,60800RED,8,deny
60800,MERGE,60800,1,deny
s-t12511,MERGE,S-T12511,49,deny
s-t12511-8x0,MERGE,S-T12511-8X0,1,deny
s-t12511-089,MERGE,S-T12511-089,1,deny
s-t12511-202,MERGE,S-T12511-202,16,deny
s-t12511-3u5,MERGE,S-T12511-3U5,1,deny
s-t12511-1l0,MERGE,S-T12511-1L0,1,deny
s-t12511-1l7,MERGE,S-T12511-1L7,1,deny
ff-71602,MERGE,FF-71602,105,deny
96120,MERGE,96120,23,deny
96121,MERGE,96121,23,deny
10210,MERGE,10210,29,deny
97100,MERGE,97100,6,deny
110550red,MERGE,110550RED,3,deny
110550,MERGE,110550,1,deny
110530,MERGE,110530,30,deny
110540red,MERGE,110540RED,8,deny
110557red,MERGE,110557RED,33,deny
110557,MERGE,110557,1,deny
110531red,MERGE,110531RED,33,deny
110531,MERGE,110531,1,deny
88201,MERGE,88201,18,deny
88203,MERGE,88203,47,deny
110530red,MERGE,110530RED,33,deny
110540,MERGE,110540,1,deny
97102,MERGE,97102,30,deny
ff-51602,MERGE,FF-51602,144,deny
93196,MERGE,93196,43,deny
51214,MERGE,51214,45,deny
51214w,MERGE,51214W,38,deny
91070,MERGE,91070,627,deny
pw050052,MERGE,PW050052,61,deny
85172512,MERGE,85172512,1,deny
501195,MERGE,501195,47,deny
72630,MERGE,72630,20,deny
72641,MERGE,72641,1,deny
usc330c,MERGE,USC330C,1,deny
usc425c,MERGE,USC425C,112,deny
501196,MERGE,501196,1,deny
91069,MERGE,91069,1,deny
sm91901,MERGE,SM91901,39,deny
684194,MERGE,684194,56,deny
501178,MERGE,501178,47,deny
51147,MERGE,51147,41,deny
502178,MERGE,502178,86,deny
501103,MERGE,501103,206,deny
98331,MERGE,98331,21,deny
o-f12124-g1,MERGE,O-F12124-G1,1,deny
rc51-6883c,MERGE,RC51-6883C,40,deny
rc51-7655c,MERGE,RC51-7655C,100,deny
rc51-5885c,MERGE,RC51-5885C,1,deny
rc158545c,MERGE,RC158545C,167,deny
rc51-7873c,MERGE,RC51-7873C,115,deny
rc52-6866c,MERGE,RC52-6866C,97,deny
55007,MERGE,55007,67,deny
98101930,MERGE,98101930,39,deny
70905adrl,MERGE,70905ADRL,70,deny
734004,MERGE,734004,119,deny
734005,MERGE,734005,85,deny
s-g11912-gci,MERGE,S-G11912-GCI,1,deny
s-g11912-g9k,MERGE,S-G11912-G9K,1,deny
s-g11912-gaz,MERGE,S-G11912-GAZ,1,deny
s-g11912-gb8,MERGE,S-G11912-GB8,1,deny
s-g11912-gba,MERGE,S-G11912-GBA,1,deny
s-g11912-gan,MERGE,S-G11912-GAN,1,deny
s-g11912-ga0,MERGE,S-G11912-GA0,1,deny
o-f12124-js,MERGE,O-F12124-JS,1,deny
s-g11912,MERGE,S-G11912,20,deny
s-g11912-gji,MERGE,S-G11912-GJI,1,deny
s-g11912-gxd,MERGE,S-G11912-GXD,1,deny
o-f12124-m7,MERGE,O-F12124-M7,1,deny
s-g11912-5is,MERGE,S-G11912-5IS,1,deny
o-f12124-hx,MERGE,O-F12124-HX,1,deny
o-f12124-pq,MERGE,O-F12124-PQ,1,deny
s-g11912-gxp,MERGE,S-G11912-GXP,1,deny
s-g11912-g7c,MERGE,S-G11912-G7C,1,deny
s-g11912-gxn,MERGE,S-G11912-GXN,1,deny
s-g11912-gtl,MERGE,S-G11912-GTL,1,deny
s-g11912-gno,MERGE,S-G11912-GNO,1,deny
s-g11912-gnk,MERGE,S-G11912-GNK,1,deny
s-g11912-glt,MERGE,S-G11912-GLT,1,deny
s-g11912-g6m,MERGE,S-G11912-G6M,1,deny
o-f12124-yz,MERGE,O-F12124-YZ,1,deny
55005,MERGE,55005,157,deny
51216w,MERGE,51216W,1,deny
51216,MERGE,51216,22,deny
21640_a,MERGE,21640_A,1,deny
pw050141,MERGE,PW050141,145,deny
21631_a,MERGE,21631_A,1,deny
73402,MERGE,73402,1,deny
21630d_a,MERGE,21630D_A,1,deny
21657_a,MERGE,21657_A,1,deny
21630_a,MERGE,21630_A,1,deny
78180917,MERGE,78180917,72,deny
28231red_a,MERGE,28231RED_A,39,deny
78180906,MERGE,78180906,69,deny
26631d_a,MERGE,26631D_A,1,deny
78170917,MERGE,78170917,98,deny
78180911,MERGE,78180911,94,deny
78180912,MERGE,78180912,20,deny
78180918,MERGE,78180918,101,deny
78181211,MERGE,78181211,15,deny
78181212,MERGE,78181212,15,deny
78181217,MERGE,78181217,72,deny
26631_a,MERGE,26631_A,1,deny
78170912,MERGE,78170912,1,deny
502177,MERGE,502177,68,deny
26632_a,MERGE,26632_A,1,deny
28257red_a,MERGE,28257RED_A,39,deny
26650_a,MERGE,26650_A,1,deny
26657_a,MERGE,26657_A,1,deny
501177,MERGE,501177,199,deny
28231_a,MERGE,28231_A,1,deny
28250_a,MERGE,28250_A,1,deny
28250red_a,MERGE,28250RED_A,3,deny
28257_a,MERGE,28257_A,1,deny
21650_a,MERGE,21650_A,1,deny
28230_a,MERGE,28230_A,1,deny
28230red_a,MERGE,28230RED_A,28,deny
78170918,MERGE,78170918,67,deny
75640,MERGE,75640,69,deny
78181214,MERGE,78181214,54,deny
75631,MERGE,75631,47,deny
78170913,MERGE,78170913,31,deny
78181210,MERGE,78181210,29,deny
78181218,MERGE,78181218,82,deny
o-f12124,MERGE,O-F12124,8,deny
791011,MERGE,791011,37,deny
84150814,MERGE,84150814,152,deny
82151814,MERGE,82151814,35,deny
90200912m,MERGE,90200912M,1,deny
90201212m,MERGE,90201212M,4,deny
72800,MERGE,72800,357,deny
97041blk,MERGE,97041BLK,1,deny
tc13028,MERGE,TC13028,108,deny
ff-31432,MERGE,FF-31432,40,deny
ff-3143,MERGE,FF-3143,29,deny
ff-71502,MERGE,FF-71502,123,deny
770867_a,MERGE,770867_A,249,deny
8076kit,MERGE,8076Kit,1,deny
73400,MERGE,73400,1,deny
81201805m,MERGE,81201805M,5,deny
81200906m,MERGE,81200906M,30,deny
sm71223,MERGE,SM71223,76,deny
sm71224,MERGE,SM71224,131,deny
sm71223_a,MERGE,SM71223_A,76,deny
ff-6011_a,MERGE,FF-6011_A,24,deny
90180912m,MERGE,90180912M,39,deny
sm71225,MERGE,SM71225,60,deny
90181212m,MERGE,90181212M,10,deny
90181212b,MERGE,90181212B,1,deny
57430_a,MERGE,57430_A,1,deny
72116,MERGE,72116,48,deny
72117,MERGE,72117,1,deny
72113,MERGE,72113,48,deny
rct2024,MERGE,RCT2024,32,deny
82013,MERGE,82013,29,deny
72115,MERGE,72115,48,deny
72114,MERGE,72114,48,deny
57441,MERGE,57441,1,deny
31300,MERGE,31300,39,deny
31310,MERGE,31310,1,deny
72118,MERGE,72118,48,deny
72112,MERGE,72112,48,deny
100113,MERGE,100113,1,deny
100113c,MERGE,100113C,1,deny
10036,MERGE,10036,138,deny
10661,MERGE,10661,325,deny
100113wc,MERGE,100113WC,1,deny
10662,MERGE,10662,268,deny
10036red,MERGE,10036RED,11,deny
13400,MERGE,13400,1,deny
71640,MERGE,71640,10,deny
71630,MERGE,71630,15,deny
93200,MERGE,93200,23,deny
10551f,MERGE,10551F,208,deny
10547f,MERGE,10547F,1,deny
93199,MERGE,93199,20,deny
10552f,MERGE,10552F,119,deny
10555f,MERGE,10555F,1,deny
hs10010-gno,MERGE,HS10010-GNO,1,deny
90180912b,MERGE,90180912B,34,deny
79150813,MERGE,79150813,3,deny
79150814,MERGE,79150814,182,deny
98417221,MERGE,98417221,4,deny
90200912b,MERGE,90200912B,1,deny
90201812b,MERGE,90201812B,1,deny
96112,MERGE,96112,115,deny
96111,MERGE,96111,115,deny
81200914m,MERGE,81200914M,72,deny
96115,MERGE,96115,50,deny
81201812m,MERGE,81201812M,1,deny
90201212b,MERGE,90201212B,65,deny
90201811b,MERGE,90201811B,1,deny
96110,MERGE,96110,115,deny
96116,MERGE,96116,50,deny
96113,MERGE,96113,54,deny
684187,MERGE,684187,34,deny
73041,MERGE,73041,34,deny
96118,MERGE,96118,38,deny
711502,MERGE,711502,39,deny
711422,MERGE,711422,90,deny
96119,MERGE,96119,38,deny
711402,MERGE,711402,62,deny
10202,MERGE,10202,2483,deny
11070,MERGE,11070,13,deny
25970,MERGE,25970,10,deny
25930a,MERGE,25930A,10,deny
25940,MERGE,25940,10,deny
84150813,MERGE,84150813,189,deny
90051,MERGE,90051,1,deny
10663,MERGE,10663,26,deny
93201,MERGE,93201,7,deny
tc13021,MERGE,TC13021,96,deny
tr040322,MERGE,TR040322,144,deny
tc13023,MERGE,TC13023,20,deny
99087,MERGE,99087,1,deny
93202,MERGE,93202,24,deny
93204,MERGE,93204,1,deny
93205,MERGE,93205,1,deny
93206,MERGE,93206,1,deny
11130,MERGE,11130,1,deny
65970,MERGE,65970,1,deny
11140,MERGE,11140,1,deny
66270,MERGE,66270,1,deny
66240,MERGE,66240,1,deny
54640,MERGE,54640,7,deny
11430,MERGE,11430,1,deny
11430red,MERGE,11430RED,7,deny
10930,MERGE,10930,1,deny
11100,MERGE,11100,1,deny
10940,MERGE,10940,1,deny
16170,MERGE,16170,1,deny
11770,MERGE,11770,1,deny
38430,MERGE,38430,20,deny
38440,MERGE,38440,20,deny
38470,MERGE,38470,16,deny
11440,MERGE,11440,1,deny
90201811m,MERGE,90201811M,57,deny
351.20,MERGE,351.20,31,deny
34840,MERGE,34840,9,deny
10440,MERGE,10440,1,deny
10450,MERGE,10450,1,deny
10470,MERGE,10470,1,deny
34940,MERGE,34940,9,deny
34970,MERGE,34970,8,deny
16140,MERGE,16140,1,deny
10900,MERGE,10900,1,deny
35140,MERGE,35140,23,deny
35170,MERGE,35170,16,deny
64440,MERGE,64440,7,deny
19340,MERGE,19340,63,deny
65940,MERGE,65940,1,deny
65922,MERGE,65922,1,deny
16130,MERGE,16130,1,deny
10430,MERGE,10430,1,deny
90201812m,MERGE,90201812M,6,deny
959371,MERGE,959371,1,deny
34870,MERGE,34870,8,deny
88350,MERGE,88350,1,deny
66330,MERGE,66330,1,deny
66340,MERGE,66340,1,deny
88330,MERGE,88330,1,deny
66370,MERGE,66370,1,deny
88331,MERGE,88331,1,deny
88340,MERGE,88340,1,deny
88357,MERGE,88357,1,deny
10370,MERGE,10370,1,deny
10350,MERGE,10350,1,deny
10330,MERGE,10330,1,deny
10340,MERGE,10340,1,deny
25870,MERGE,25870,23,deny
85150813,MERGE,85150813,16,deny
79170912g,MERGE,79170912G,56,deny
85150814,MERGE,85150814,2,deny
93175,MERGE,93175,570,deny
rc51-7500,MERGE,RC51-7500,158,deny
959440,MERGE,959440,241,deny
97094,MERGE,97094,119,deny
91068,MERGE,91068,11,deny
70992,MERGE,70992,88,deny
93194,MERGE,93194,50,deny
47318650b,MERGE,47318650B,1,deny
81178,MERGE,81178,1186,deny
110450,MERGE,110450,1,deny
110431red,MERGE,110431RED,53,deny
110457red,MERGE,110457RED,40,deny
110450red,MERGE,110450RED,3,deny
110457,MERGE,110457,1,deny
110430,MERGE,110430,100,deny
110430red,MERGE,110430RED,53,deny
110431,MERGE,110431,1,deny
99213,MERGE,99213,82,deny
110440,MERGE,110440,1,deny
110440red,MERGE,110440RED,8,deny
ff-6141,MERGE,FF-6141,84,deny
ff-61412,MERGE,FF-61412,120,deny
ff-71413,MERGE,FF-71413,211,deny
ff-7141,MERGE,FF-7141,56,deny
13005,MERGE,13005,771,deny
tc13029,MERGE,TC13029,10,deny
98102412,MERGE,98102412,60,deny
93197,MERGE,93197,41,deny
rc51-7175,MERGE,RC51-7175,734,deny
rc51-7650,MERGE,RC51-7650,467,deny
98122220,MERGE,98122220,27,deny
19332red,MERGE,19332RED,75,deny
19332,MERGE,19332,75,deny
sm31431,MERGE,SM31431,6,deny
75601a,MERGE,75601A,158,deny
98202410,MERGE,98202410,38,deny
72901red,MERGE,72901RED,84,deny
72901,MERGE,72901,434,deny
75601ared,MERGE,75601ARED,38,deny
83902,MERGE,83902,14,deny
83900,MERGE,83900,14,deny
83901,MERGE,83901,20,deny
83913,MERGE,83913,16,deny
83903,MERGE,83903,24,deny
83910,MERGE,83910,21,deny
83911,MERGE,83911,21,deny
83912,MERGE,83912,12,deny
79170912b,MERGE,79170912B,1,deny
96122,MERGE,96122,106,deny
10914,MERGE,10914,1,deny
10915,MERGE,10915,1,deny
77202512c,MERGE,77202512C,1,deny
77200917c,MERGE,77200917C,26,deny
77201217c,MERGE,77201217C,50,deny
77200912c,MERGE,77200912C,1,deny
77201817c,MERGE,77201817C,11,deny
77224417,MERGE,77224417,56,deny
77224412,MERGE,77224412,1,deny
77224411,MERGE,77224411,2,deny
77224410,MERGE,77224410,1,deny
77224406,MERGE,77224406,40,deny
78180917b,MERGE,78180917B,21,deny
77202517c,MERGE,77202517C,26,deny
77201812c,MERGE,77201812C,1,deny
78180906b,MERGE,78180906B,86,deny
78170917b,MERGE,78170917B,24,deny
77201217g,MERGE,77201217G,46,deny
78180911b,MERGE,78180911B,66,deny
77202512,MERGE,77202512,28,deny
77201812,MERGE,77201812,1,deny
78170918b,MERGE,78170918B,1,deny
pw051579,MERGE,PW051579,47,deny
78170913b,MERGE,78170913B,45,deny
78170912b,MERGE,78170912B,1,deny
77201812g,MERGE,77201812G,5,deny
77201817,MERGE,77201817,1,deny
77201817g,MERGE,77201817G,38,deny
77202517g,MERGE,77202517G,40,deny
77202512g,MERGE,77202512G,1,deny
77201212,MERGE,77201212,1,deny
78181212b,MERGE,78181212B,32,deny
77201217,MERGE,77201217,63,deny
77200912g,MERGE,77200912G,60,deny
78181218b,MERGE,78181218B,66,deny
78181210b,MERGE,78181210B,52,deny
78180918b,MERGE,78180918B,119,deny
78181217b,MERGE,78181217B,1,deny
77200917,MERGE,77200917,1,deny
78181214b,MERGE,78181214B,11,deny
78181211b,MERGE,78181211B,8,deny
77200917g,MERGE,77200917G,67,deny
77201212g,MERGE,77201212G,41,deny
77200912,MERGE,77200912,47,deny
78180912b,MERGE,78180912B,17,deny
sm21613,MERGE,SM21613,54,deny
sm2165,MERGE,SM2165,84,deny
99084,MERGE,99084,282,deny
sm31531,MERGE,SM31531,8,deny
sm29912a,MERGE,SM29912A,18,deny
sm7121,MERGE,SM7121,17,deny
sm71216,MERGE,SM71216,18,deny
sm2991a,MERGE,SM2991A,109,deny
70903a,MERGE,70903A,182,deny
m-2131,MERGE,M-2131,14,deny
m-21313,MERGE,M-21313,48,deny
sm51003,MERGE,SM51003,49,deny
sm51002,MERGE,SM51002,19,deny
70916bl,MERGE,70916BL,91,deny
78880,MERGE,78880,42,deny
13004,MERGE,13004,728,deny
psr055220,MERGE,PSR055220,1,deny
770866_a,MERGE,770866_A,287,deny
23336_a,MERGE,23336_A,299,deny
98292480,MERGE,98292480,9,deny
tc105204,MERGE,TC105204,1,deny
1160red,MERGE,1160RED,1,deny
110100d,MERGE,110100D,1,deny
110100,MERGE,110100,1,deny
110340,MERGE,110340,1,deny
110330d,MERGE,110330D,1,deny
110331,MERGE,110331,1,deny
1160,MERGE,1160,1,deny
110357,MERGE,110357,1,deny
110330,MERGE,110330,1,deny
rcm691,MERGE,RCM691,825,deny
110350,MERGE,110350,1,deny
99085,MERGE,99085,239,deny
51142,MERGE,51142,134,deny
f-f320210a-hx,MERGE,F-F320210A-HX,1,deny
42419550,MERGE,42419550,72,deny
42719650,MERGE,42719650,68,deny
110040,MERGE,110040,1,deny
110057,MERGE,110057,1,deny
110030,MERGE,110030,1,deny
110050,MERGE,110050,1,deny
110030d,MERGE,110030D,1,deny
110032,MERGE,110032,1,deny
110230d,MERGE,110230D,1,deny
110230,MERGE,110230,1,deny
110250,MERGE,110250,1,deny
110257,MERGE,110257,1,deny
110231,MERGE,110231,1,deny
13009,MERGE,13009,155,deny
ff-21413,MERGE,FF-21413,59,deny
ff-31422,MERGE,FF-31422,108,deny
ff-5151,MERGE,FF-5151,164,deny
ff-51512,MERGE,FF-51512,78,deny
ff-2141,MERGE,FF-2141,51,deny
ff-6011,MERGE,FF-6011,24,deny
ff-60112,MERGE,FF-60112,9,deny
121524blet,MERGE,121524BLET,633,deny
ff-3121,MERGE,FF-3121,9,deny
ff-71216,MERGE,FF-71216,169,deny
ff-7121,MERGE,FF-7121,96,deny
ff-7122,MERGE,FF-7122,13,deny
ff-71224,MERGE,FF-71224,295,deny
ff-3142,MERGE,FF-3142,25,deny
ff-71780,MERGE,FF-71780,58,deny
ff-7170,MERGE,FF-7170,60,deny
ff-31213,MERGE,FF-31213,84,deny
98192482,MERGE,98192482,39,deny
42419650,MERGE,42419650,17,deny
98102410,MERGE,98102410,56,deny
93185,MERGE,93185,29,deny
ff-21612,MERGE,FF-21612,171,deny
501152,MERGE,501152,59,deny
ff-51712,MERGE,FF-51712,73,deny
10209,MERGE,10209,474,deny
42619550,MERGE,42619550,137,deny
42219550,MERGE,42219550,1,deny
51038,MERGE,51038,1,deny
73004,MERGE,73004,1,deny
51131,MERGE,51131,34,deny
m-52002,MERGE,M-52002,52,deny
391011,MERGE,391011,112,deny
sm21612,MERGE,SM21612,196,deny
rc51-6883b,MERGE,RC51-6883B,149,deny
rc158545b,MERGE,RC158545B,127,deny
rc51-5165b,MERGE,RC51-5165B,70,deny
rc51-7655b,MERGE,RC51-7655B,21,deny
s-f12401,MERGE,S-F12401,46,deny
s-f12401-js,MERGE,S-F12401-JS,1,deny
rc51-7873b,MERGE,RC51-7873B,1,deny
s-f12401-m7,MERGE,S-F12401-M7,1,deny
s-f12401-g1,MERGE,S-F12401-G1,1,deny
s-f12401-ne,MERGE,S-F12401-NE,1,deny
s-f12401-yz,MERGE,S-F12401-YZ,1,deny
tr019322,MERGE,TR019322,434,deny
10746,MERGE,10746,1,deny
41620500a,MERGE,41620500A,55,deny
93195,MERGE,93195,4,deny
99086,MERGE,99086,8,deny
98418213,MERGE,98418213,78,deny
73224,MERGE,73224,21,deny
93178,MERGE,93178,1,deny
301011,MERGE,301011,112,deny
301012,MERGE,301012,150,deny
f-g12011a-gxp,MERGE,F-G12011A-GXP,1,deny
f-c12211-gpa,MERGE,F-C12211-GPA,1,deny
s-c12210-gpa,MERGE,S-C12210-GPA,1,deny
f-c12011a-gno,MERGE,F-C12011A-GNO,1,deny
f-c11950a-gci,MERGE,F-C11950A-GCI,1,deny
f-c319201a-gno,MERGE,F-C319201A-GNO,1,deny
f-c11911a-gxp,MERGE,F-C11911A-GXP,1,deny
s-c12210-gno,MERGE,S-C12210-GNO,1,deny
s-g11911-gci,MERGE,S-G11911-GCI,1,deny
f-c11911a-gno,MERGE,F-C11911A-GNO,1,deny
a-c12211-gno,MERGE,A-C12211-GNO,1,deny
f-c12211-gno,MERGE,F-C12211-GNO,1,deny
f-g12011a-gno,MERGE,F-G12011A-GNO,1,deny
f-g12011a-gci,MERGE,F-G12011A-GCI,1,deny
tc105200,MERGE,TC105200,38,deny
s-c12215-g1k,MERGE,S-C12215-G1K,1,deny
s-c12215-gxn,MERGE,S-C12215-GXN,1,deny
s-c12215-gpa,MERGE,S-C12215-GPA,1,deny
s-c12215-gno,MERGE,S-C12215-GNO,1,deny
s-c12215-glt,MERGE,S-C12215-GLT,1,deny
s-c12215,MERGE,S-C12215,61,deny
s-c12215-gb8,MERGE,S-C12215-GB8,1,deny
s-c12215-g6m,MERGE,S-C12215-G6M,1,deny
s-c12215-gaz,MERGE,S-C12215-GAZ,1,deny
s-c12215-g7c,MERGE,S-C12215-G7C,1,deny
s-c12215-g9k,MERGE,S-C12215-G9K,1,deny
s-c12215-ga0,MERGE,S-C12215-GA0,1,deny
s-c12215-gan,MERGE,S-C12215-GAN,1,deny
s-c12215-gba,MERGE,S-C12215-GBA,3,deny
s-c12215-gji,MERGE,S-C12215-GJI,1,deny
s-c12215-gxp,MERGE,S-C12215-GXP,1,deny
s-c12215-gxd,MERGE,S-C12215-GXD,1,deny
a-d319205-pbj,MERGE,A-D319205-PBJ,1,deny
s-c12215-gtl,MERGE,S-C12215-GTL,1,deny
a-d319205-pr4,MERGE,A-D319205-PR4,1,deny
a-d319205-prv,MERGE,A-D319205-PRV,1,deny
a-d319205-rcgb,MERGE,A-D319205-RCGB,14,deny
a-d319205-psc,MERGE,A-D319205-PSC,1,deny
a-d319205-pxj,MERGE,A-D319205-PXJ,1,deny
a-d319205-pw7,MERGE,A-D319205-PW7,1,deny
tw405c-20908333-12,MERGE,TW405C-20908333-12,56,deny
tw403c-20908304-12,MERGE,TW403C-20908304-12,10,deny
53600,MERGE,53600,6,deny
tw403c-20908333-12,MERGE,TW403C-20908333-12,1,deny
tw403c-2090980400,MERGE,TW403C-2090980400,20,deny
tw403c-2090983300,MERGE,TW403C-2090983300,14,deny
tw411c-1790760700,MERGE,TW411C-1790760700,37,deny
tw411c-20908412-12,MERGE,TW411C-20908412-12,7,deny
tw407c-20908413-12,MERGE,TW407C-20908413-12,39,deny
tw411c-1790761200,MERGE,TW411C-1790761200,13,deny
tw411c-20908407-12,MERGE,TW411C-20908407-12,15,deny
tw411c-20903607-12,MERGE,TW411C-20903607-12,15,deny
tw411c-18908412-12,MERGE,TW411C-18908412-12,16,deny
tw411c-18908407-12,MERGE,TW411C-18908407-12,7,deny
tw407c-20908404-12,MERGE,TW407C-20908404-12,3,deny
73030,MERGE,73030,10,deny
3801blk,MERGE,3801BLK,1,deny
42805500,MERGE,42805500,32,deny
3807blk,MERGE,3807BLK,3,deny
ff-5171,MERGE,FF-5171,57,deny
381005,MERGE,381005,23,deny
1901sblk,MERGE,1901SBLK,37,deny
1907sblk,MERGE,1907SBLK,47,deny
381003,MERGE,381003,3,deny
14011,MERGE,14011,133,deny
760866_a,MERGE,760866_A,56,deny
hs30010-g4,MERGE,HS30010-G4,1,deny
hs30010-bn,MERGE,HS30010-BN,1,deny
hs30010-a3,MERGE,HS30010-A3,1,deny
hs30010,MERGE,HS30010,53,deny
hs30010-d1,MERGE,HS30010-D1,1,deny
hs30010-db,MERGE,HS30010-DB,1,deny
hs30010-dr,MERGE,HS30010-DR,1,deny
hs30010-e2,MERGE,HS30010-E2,1,deny
hs30010-e7,MERGE,HS30010-E7,1,deny
hs30010-ea,MERGE,HS30010-EA,1,deny
hs30010-b3,MERGE,HS30010-B3,1,deny
hs30010-hx,MERGE,HS30010-HX,1,deny
hs30010-js,MERGE,HS30010-JS,1,deny
hs30010-jx,MERGE,HS30010-JX,1,deny
hs30010-ku,MERGE,HS30010-KU,1,deny
hs30010-rcgb,MERGE,HS30010-RCGB,41,deny
73040,MERGE,73040,42,deny
92092,MERGE,92092,164,deny
hs80010-1l7,MERGE,HS80010-1L7,1,deny
hs80010-202,MERGE,HS80010-202,11,deny
hs80010-8w7,MERGE,HS80010-8W7,1,deny
95100,MERGE,95100,32,deny
95105,MERGE,95105,52,deny
hs80010-4w5,MERGE,HS80010-4W5,1,deny
hs80010,MERGE,HS80010,49,deny
hs80010-040,MERGE,HS80010-040,1,deny
hs80010-089,MERGE,HS80010-089,1,deny
hs80010-6x1,MERGE,HS80010-6X1,1,deny
hs80010-4z0,MERGE,HS80010-4Z0,1,deny
sm31630,MERGE,SM31630,69,deny
hs80010-1j9,MERGE,HS80010-1J9,1,deny
hs80010-3u5,MERGE,HS80010-3U5,1,deny
311003,MERGE,311003,22,deny
ff-2161,MERGE,FF-2161,32,deny
311004,MERGE,311004,3,deny
311005,MERGE,311005,23,deny
91067,MERGE,91067,457,deny
311006,MERGE,311006,30,deny
99044,MERGE,99044,55,deny
50214550,MERGE,50214550,77,deny
50319550,MERGE,50319550,105,deny
50120651,MERGE,50120651,494,deny
50309650,MERGE,50309650,49,deny
50320550,MERGE,50320550,91,deny
50120500,MERGE,50120500,52,deny
50620500,MERGE,50620500,125,deny
50221550,MERGE,50221550,205,deny
50517650,MERGE,50517650,421,deny
50288650,MERGE,50288650,61,deny
44011,MERGE,44011,62,deny
10919,MERGE,10919,164,deny
rcm690,MERGE,RCM690,160,deny
42415551,MERGE,42415551,1215,deny
42288650,MERGE,42288650,1,deny
tc13026,MERGE,TC13026,18,deny
tc13025,MERGE,TC13025,115,deny
tc13022,MERGE,TC13022,39,deny
tc73260,MERGE,TC73260,83,deny
tc73262,MERGE,TC73262,131,deny
tc13020,MERGE,TC13020,103,deny
92087,MERGE,92087,68,deny
tc105202,MERGE,TC105202,65,deny
84172512,MERGE,84172512,21,deny
97089,MERGE,97089,20,deny
hs40010-gtl,MERGE,HS40010-GTL,1,deny
hs40010-gxp,MERGE,HS40010-GXP,1,deny
hs40010-gba,MERGE,HS40010-GBA,13,deny
hs40010-gji,MERGE,HS40010-GJI,1,deny
hs40010-gb8,MERGE,HS40010-GB8,1,deny
hs40010-glt,MERGE,HS40010-GLT,1,deny
hs40010-gaz,MERGE,HS40010-GAZ,1,deny
hs40010-gan,MERGE,HS40010-GAN,1,deny
hs40010-g7c,MERGE,HS40010-G7C,1,deny
hs40010-gxn,MERGE,HS40010-GXN,1,deny
hs40010-ga0,MERGE,HS40010-GA0,1,deny
hs40010-g9k,MERGE,HS40010-G9K,1,deny
hs40010,MERGE,HS40010,59,deny
hs40010-g1k,MERGE,HS40010-G1K,1,deny
hs40010-gxg,MERGE,HS40010-GXG,1,deny
hs40010-gpa,MERGE,HS40010-GPA,1,deny
hs40010-g6m,MERGE,HS40010-G6M,1,deny
hs40010-gxd,MERGE,HS40010-GXD,1,deny
hs40010-gcn,MERGE,HS40010-GCN,1,deny
51037,MERGE,51037,93,deny
74401red,MERGE,74401RED,80,deny
74401,MERGE,74401,86,deny
51037red,MERGE,51037RED,70,deny
f-d10914a-paf,MERGE,F-D10914A-PAF,1,deny
f-f21111a-g1,MERGE,F-F21111A-G1,1,deny
50420500,MERGE,50420500,171,deny
99083,MERGE,99083,570,deny
f-d10914a-paj,MERGE,F-D10914A-PAJ,1,deny
70910,MERGE,70910,49,deny
70911,MERGE,70911,211,deny
93183,MERGE,93183,31,deny
93184,MERGE,93184,1,deny
4610,MERGE,4610,510,deny
71153,MERGE,71153,55,deny
75010,MERGE,75010,9,deny
92088,MERGE,92088,70,deny
23830,MERGE,23830,1,deny
rc51-5165sl,MERGE,RC51-5165SL,95,deny
87172512,MERGE,87172512,68,deny
141524cblk,MERGE,141524CBLK,1436,deny
93189,MERGE,93189,32,deny
93188,MERGE,93188,32,deny
93190,MERGE,93190,32,deny
97090,MERGE,97090,168,deny
97091,MERGE,97091,182,deny
97092,MERGE,97092,158,deny
pw049807,MERGE,PW049807,213,deny
pw049815,MERGE,PW049815,47,deny
93168,MERGE,93168,69,deny
pw044434,MERGE,PW044434,5,deny
pw049798,MERGE,PW049798,564,deny
pw049980,MERGE,PW049980,100,deny
pw049802,MERGE,PW049802,38,deny
93169,MERGE,93169,138,deny
f-d319205-pw7,MERGE,F-D319205-PW7,1,deny
f-d319205-pxj,MERGE,F-D319205-PXJ,1,deny
f-d319205-rcgb,MERGE,F-D319205-RCGB,10,deny
f-d319205,MERGE,F-D319205,41,deny
f-d319205-psc,MERGE,F-D319205-PSC,1,deny
f-d319205-prv,MERGE,F-D319205-PRV,1,deny
f-d319205-pr4,MERGE,F-D319205-PR4,1,deny
f-d319205-pbj,MERGE,F-D319205-PBJ,1,deny
97093,MERGE,97093,25,deny
rc51-7655sl,MERGE,RC51-7655SL,205,deny
10037,MERGE,10037,6,deny
10037wc,MERGE,10037WC,1,deny
10037c,MERGE,10037C,6,deny
rc51-7873sl,MERGE,RC51-7873SL,209,deny
75641,MERGE,75641,81,deny
75630b,MERGE,75630B,8,deny
501065_c,MERGE,501065_C,163,deny
ff-61501,MERGE,FF-61501,98,deny
75009,MERGE,75009,98,deny
502065_c,MERGE,502065_C,83,deny
502096,MERGE,502096,99,deny
501158,MERGE,501158,80,deny
f-g12011a-gs6,MERGE,F-G12011A-GS6,1,deny
f-g12011a-gtl,MERGE,F-G12011A-GTL,1,deny
s-g11911-gtl,MERGE,S-G11911-GTL,1,deny
s-g11911-gs6,MERGE,S-G11911-GS6,1,deny
f-c11950a-gxn,MERGE,F-C11950A-GXN,1,deny
s-g11911-gxn,MERGE,S-G11911-GXN,1,deny
s-d10911-pfp,MERGE,S-D10911-PFP,1,deny
f-g12011a-gnk,MERGE,F-G12011A-GNK,1,deny
f-d10917a-paf,MERGE,F-D10917A-PAF,1,deny
s-d10911-pcl,MERGE,S-D10911-PCL,1,deny
f-d10914a-pcl,MERGE,F-D10914A-PCL,1,deny
f-c319201a-gxn,MERGE,F-C319201A-GXN,1,deny
f-c319201a-gtl,MERGE,F-C319201A-GTL,1,deny
f-d10917a-pfp,MERGE,F-D10917A-PFP,1,deny
f-d10917a-pcl,MERGE,F-D10917A-PCL,1,deny
s-g11911-5is,MERGE,S-G11911-5IS,1,deny
f-d10914a-pfp,MERGE,F-D10914A-PFP,1,deny
s-c12210-gtl,MERGE,S-C12210-GTL,1,deny
s-d10911-pbu,MERGE,S-D10911-PBU,1,deny
f-g12011a-5is,MERGE,F-G12011A-5IS,1,deny
s-c12210-gxn,MERGE,S-C12210-GXN,1,deny
f-g12011a-g6o,MERGE,F-G12011A-G6O,1,deny
f-c11911a-gtl,MERGE,F-C11911A-GTL,1,deny
s-d10911-paf,MERGE,S-D10911-PAF,1,deny
s-d10911-paj,MERGE,S-D10911-PAJ,1,deny
f-c11950a-gtl,MERGE,F-C11950A-GTL,1,deny
f-c12211-gxn,MERGE,F-C12211-GXN,1,deny
s-d10912-pfp,MERGE,S-D10912-PFP,1,deny
s-d10912-prp,MERGE,S-D10912-PRP,1,deny
f-d319201-ptw,MERGE,F-D319201-PTW,1,deny
s-d10917-pcl,MERGE,S-D10917-PCL,1,deny
s-d10917-puw,MERGE,S-D10917-PUW,1,deny
s-d10917-paj,MERGE,S-D10917-PAJ,1,deny
s-d10917-paf,MERGE,S-D10917-PAF,1,deny
s-d10914-pfp,MERGE,S-D10914-PFP,1,deny
f-d10917a-paj,MERGE,F-D10917A-PAJ,1,deny
s-d10914-pcl,MERGE,S-D10914-PCL,1,deny
s-d10914-pb8,MERGE,S-D10914-PB8,1,deny
s-d10914-paj,MERGE,S-D10914-PAJ,1,deny
s-d10914-paf,MERGE,S-D10914-PAF,1,deny
f-c12011a-gxn,MERGE,F-C12011A-GXN,1,deny
f-c12011a-gtl,MERGE,F-C12011A-GTL,1,deny
f-c11950a-gnk,MERGE,F-C11950A-GNK,1,deny
s-g11911-gnk,MERGE,S-G11911-GNK,1,deny
f-c11911a-gxn,MERGE,F-C11911A-GXN,1,deny
s-d10911-pgz,MERGE,S-D10911-PGZ,1,deny
f-c12211-gtl,MERGE,F-C12211-GTL,1,deny
s-d10912-pcl,MERGE,S-D10912-PCL,1,deny
s-d10912-paj,MERGE,S-D10912-PAJ,1,deny
f-c11950a-5is,MERGE,F-C11950A-5IS,1,deny
s-d10912-paf,MERGE,S-D10912-PAF,1,deny
f-d319201-pcl,MERGE,F-D319201-PCL,1,deny
f-g12011a-gxn,MERGE,F-G12011A-GXN,1,deny
f-d319201-paf,MERGE,F-D319201-PAF,1,deny
f-d319201-pfp,MERGE,F-D319201-PFP,1,deny
s-d10911-prp,MERGE,S-D10911-PRP,1,deny
f-d319201-paj,MERGE,F-D319201-PAJ,1,deny
s-d10917-pfp,MERGE,S-D10917-PFP,1,deny
a-d10914-prd,MERGE,A-D10914-PRD,1,deny
a-d10914-pfs,MERGE,A-D10914-PFS,1,deny
a-d10914-prs,MERGE,A-D10914-PRS,1,deny
a-d10914-pfp,MERGE,A-D10914-PFP,1,deny
a-d10914-pgz,MERGE,A-D10914-PGZ,1,deny
a-d10914-pgw,MERGE,A-D10914-PGW,1,deny
a-d10914-prp,MERGE,A-D10914-PRP,1,deny
a-c12211-gxn,MERGE,A-C12211-GXN,1,deny
a-d10914-paf,MERGE,A-D10914-PAF,1,deny
a-d10914-pbz,MERGE,A-D10914-PBZ,1,deny
a-d10914-puw,MERGE,A-D10914-PUW,1,deny
a-d10914-ptw,MERGE,A-D10914-PTW,1,deny
a-d10914-pbu,MERGE,A-D10914-PBU,1,deny
a-c12211-gtl,MERGE,A-C12211-GTL,1,deny
a-d10914-pb8,MERGE,A-D10914-PB8,1,deny
a-d10914-pcl,MERGE,A-D10914-PCL,1,deny
a-d10914-paj,MERGE,A-D10914-PAJ,1,deny
42319640,MERGE,42319640,75,deny
684177,MERGE,684177,57,deny
42309550,MERGE,42309550,63,deny
42120580,MERGE,42120580,1318,deny
42120500,MERGE,42120500,1,deny
42309650,MERGE,42309650,65,deny
42320550,MERGE,42320550,106,deny
42308650,MERGE,42308650,39,deny
4521a,MERGE,4521A,173,deny
s-d319205,MERGE,S-D319205,40,deny
s-d319205-pbj,MERGE,S-D319205-PBJ,1,deny
s-d319205-pr4,MERGE,S-D319205-PR4,1,deny
s-d319205-prv,MERGE,S-D319205-PRV,1,deny
s-d319205-psc,MERGE,S-D319205-PSC,1,deny
s-d319205-rcgb,MERGE,S-D319205-RCGB,5,deny
s-d319205-pxj,MERGE,S-D319205-PXJ,1,deny
s-d319205-pw7,MERGE,S-D319205-PW7,1,deny
72008,MERGE,72008,9,deny
rc51-5165g,MERGE,RC51-5165G,147,deny
72009,MERGE,72009,9,deny
72007,MERGE,72007,9,deny
97730,MERGE,97730,54,deny
72006,MERGE,72006,9,deny
72005,MERGE,72005,9,deny
93193,MERGE,93193,76,deny
97730red,MERGE,97730RED,53,deny
10659,MERGE,10659,7,deny
97740,MERGE,97740,1,deny
97740red,MERGE,97740RED,1,deny
97750,MERGE,97750,1,deny
92091,MERGE,92091,46,deny
97770red,MERGE,97770RED,1,deny
97750red,MERGE,97750RED,1,deny
97770,MERGE,97770,1,deny
f-f20911b-jx,MERGE,F-F20911B-JX,1,deny
f-f20911b-g4,MERGE,F-F20911B-G4,1,deny
s-f20911a-dr,MERGE,S-F20911A-DR,1,deny
f-f315110-h5,MERGE,F-F315110-H5,1,deny
s-f20911a-e2,MERGE,S-F20911A-E2,1,deny
f-f315110-h7,MERGE,F-F315110-H7,1,deny
f-f320210a-db,MERGE,F-F320210A-DB,1,deny
s-f20911a-ea,MERGE,S-F20911A-EA,1,deny
f-f20911b-ea,MERGE,F-F20911B-EA,1,deny
s-f20911a-bn,MERGE,S-F20911A-BN,1,deny
s-f20911a-b3,MERGE,S-F20911A-B3,1,deny
s-f20911a-a3,MERGE,S-F20911A-A3,1,deny
s-f20911a-db,MERGE,S-F20911A-DB,1,deny
s-f20231-lj,MERGE,S-F20231-LJ,1,deny
13230,MERGE,13230,9,deny
f-f20911b-bn,MERGE,F-F20911B-BN,1,deny
f-f20911b-b3,MERGE,F-F20911B-B3,1,deny
f-f20911b-a3,MERGE,F-F20911B-A3,1,deny
13231,MERGE,13231,1,deny
f-f20911b-e2,MERGE,F-F20911B-E2,1,deny
f-f20911b-dr,MERGE,F-F20911B-DR,1,deny
s-f11811-bn,MERGE,S-F11811-BN,1,deny
f-f320210a-bn,MERGE,F-F320210A-BN,1,deny
s-f11811-e2,MERGE,S-F11811-E2,1,deny
f-f320210a-b3,MERGE,F-F320210A-B3,1,deny
f-f20911b-db,MERGE,F-F20911B-DB,1,deny
f-f320210a-a3,MERGE,F-F320210A-A3,1,deny
s-f20911a-g4,MERGE,S-F20911A-G4,1,deny
f-f20911b-ku,MERGE,F-F20911B-KU,1,deny
f-f21112-h5,MERGE,F-F21112-H5,1,deny
s-f21112-tb,MERGE,S-F21112-TB,1,deny
f-f318201-bn,MERGE,F-F318201-BN,1,deny
f-f21112-h7,MERGE,F-F21112-H7,1,deny
s-f21112-b3,MERGE,S-F21112-B3,1,deny
f-f318201-e2,MERGE,F-F318201-E2,1,deny
s-f21112-bn,MERGE,S-F21112-BN,1,deny
f-f320210a-ea,MERGE,F-F320210A-EA,1,deny
s-f21112-h5,MERGE,S-F21112-H5,1,deny
f-f320210a-g4,MERGE,F-F320210A-G4,1,deny
s-f21112-h7,MERGE,S-F21112-H7,1,deny
f-f320210a-e2,MERGE,F-F320210A-E2,1,deny
f-f21112-bn,MERGE,F-F21112-BN,1,deny
f-f21112-b3,MERGE,F-F21112-B3,1,deny
s-f20911a-tq,MERGE,S-F20911A-TQ,1,deny
f-f21112-tb,MERGE,F-F21112-TB,1,deny
13340,MERGE,13340,3,deny
f-f320210a-jx,MERGE,F-F320210A-JX,1,deny
f-f320210a-ku,MERGE,F-F320210A-KU,1,deny
f-f21111a-h7,MERGE,F-F21111A-H7,1,deny
f-f320210a-dr,MERGE,F-F320210A-DR,1,deny
13330,MERGE,13330,31,deny
f-f320210a-tq,MERGE,F-F320210A-TQ,1,deny
f-f21111a-h5,MERGE,F-F21111A-H5,1,deny
f-f20231-lj,MERGE,F-F20231-LJ,1,deny
13331,MERGE,13331,30,deny
f-f20911b-tq,MERGE,F-F20911B-TQ,1,deny
s-f20911a-ku,MERGE,S-F20911A-KU,1,deny
f-f11811a-bn,MERGE,F-F11811A-BN,1,deny
s-f20911a-jx,MERGE,S-F20911A-JX,1,deny
f-f11811a-e2,MERGE,F-F11811A-E2,1,deny
a-f11811-h5,MERGE,A-F11811-H5,1,deny
a-f11811-bn,MERGE,A-F11811-BN,1,deny
a-f11811-e2,MERGE,A-F11811-E2,1,deny
a-f11811-h7,MERGE,A-F11811-H7,1,deny
a-f20231-lj,MERGE,A-F20231-LJ,1,deny
f-f12401-js,MERGE,F-F12401-JS,1,deny
97086,MERGE,97086,15,deny
501065_b,MERGE,501065_B,163,deny
97087,MERGE,97087,17,deny
f-f12401,MERGE,F-F12401,39,deny
42599650,MERGE,42599650,75,deny
f-f12401-ne,MERGE,F-F12401-NE,1,deny
rc51-7873g,MERGE,RC51-7873G,190,deny
f-f12401-m7,MERGE,F-F12401-M7,1,deny
f-f12401-g1,MERGE,F-F12401-G1,5,deny
f-f12401-yz,MERGE,F-F12401-YZ,1,deny
96108,MERGE,96108,134,deny
97640,MERGE,97640,29,deny
99080,MERGE,99080,344,deny
97630,MERGE,97630,27,deny
93192,MERGE,93192,212,deny
97670red,MERGE,97670RED,1,deny
97640red,MERGE,97640RED,29,deny
97650,MERGE,97650,29,deny
97650red,MERGE,97650RED,29,deny
97630red,MERGE,97630RED,27,deny
97570,MERGE,97570,1,deny
97570red,MERGE,97570RED,1,deny
rc09071,MERGE,RC09071,202,deny
97540red,MERGE,97540RED,43,deny
97540,MERGE,97540,66,deny
97550,MERGE,97550,33,deny
97530red,MERGE,97530RED,27,deny
97530,MERGE,97530,27,deny
97670,MERGE,97670,1,deny
99515_a,MERGE,99515_A,209,deny
92089,MERGE,92089,6,deny
97550red,MERGE,97550RED,33,deny
90050,MERGE,90050,1,deny
770865_a,MERGE,770865_A,190,deny
23335_a,MERGE,23335_A,359,deny
760865_a,MERGE,760865_A,107,deny
rc51-7655g,MERGE,RC51-7655G,222,deny
99081,MERGE,99081,80,deny
502173,MERGE,502173,3,deny
hs10010-gxp,MERGE,HS10010-GXP,1,deny
hs10010-gxg,MERGE,HS10010-GXG,1,deny
hs10010-gxd,MERGE,HS10010-GXD,1,deny
hs10010-gcn,MERGE,HS10010-GCN,1,deny
hs10010-gpa,MERGE,HS10010-GPA,1,deny
hs10010-gan,MERGE,HS10010-GAN,1,deny
hs10010,MERGE,HS10010,71,deny
hs10010-g1k,MERGE,HS10010-G1K,1,deny
hs10010-g6m,MERGE,HS10010-G6M,1,deny
hs10010-glt,MERGE,HS10010-GLT,1,deny
hs10010-g9k,MERGE,HS10010-G9K,1,deny
hs10010-ga0,MERGE,HS10010-GA0,1,deny
hs10010-g7c,MERGE,HS10010-G7C,1,deny
hs10010-gaz,MERGE,HS10010-GAZ,1,deny
hs10010-gb8,MERGE,HS10010-GB8,1,deny
hs10010-gba,MERGE,HS10010-GBA,68,deny
hs10010-gji,MERGE,HS10010-GJI,1,deny
s-d10917-rcgb,MERGE,S-D10917-RCGB,20,deny
a-t11621-089,MERGE,A-T11621-089,1,deny
s-f11811-e7,MERGE,S-F11811-E7,1,deny
a-t11621-4v6,MERGE,A-T11621-4V6,1,deny
s-f11811-n1,MERGE,S-F11811-N1,1,deny
a-t11621-8w7,MERGE,A-T11621-8W7,1,deny
s-f11811-d1,MERGE,S-F11811-D1,1,deny
a-t11621-4x0,MERGE,A-T11621-4X0,1,deny
a-t11621-8w2,MERGE,A-T11621-8W2,1,deny
s-f11811-pq,MERGE,S-F11811-PQ,1,deny
a-t11621-6x3,MERGE,A-T11621-6X3,1,deny
a-t11621-1h5,MERGE,A-T11621-1H5,1,deny
a-t11621-8t0,MERGE,A-T11621-8T0,1,deny
s-f20911a-e7,MERGE,S-F20911A-E7,1,deny
o-t12421-1l7,MERGE,O-T12421-1L7,1,deny
s-f20911a-hx,MERGE,S-F20911A-HX,1,deny
a-t11621-8t6,MERGE,A-T11621-8T6,1,deny
s-f20911a-d1,MERGE,S-F20911A-D1,1,deny
o-t12421-4w5,MERGE,O-T12421-4W5,1,deny
o-t12421-4z0,MERGE,O-T12421-4Z0,1,deny
s-f20911a-pq,MERGE,S-F20911A-PQ,1,deny
o-t12421-6x1,MERGE,O-T12421-6X1,1,deny
o-t12421-8w7,MERGE,O-T12421-8W7,1,deny
a-t11621-6v7,MERGE,A-T11621-6V7,1,deny
s-f11811-j7,MERGE,S-F11811-J7,1,deny
s-t11621-8w7,MERGE,S-T11621-8W7,1,deny
f-t11621a-8t0,MERGE,F-T11621A-8T0,1,deny
f-t11621a-1h5,MERGE,F-T11621A-1H5,1,deny
f-t12421-4z0,MERGE,F-T12421-4Z0,1,deny
f-t12421-6x1,MERGE,F-T12421-6X1,1,deny
f-t12421-8w7,MERGE,F-T12421-8W7,1,deny
f-t11621a-8t6,MERGE,F-T11621A-8T6,1,deny
f-t11621a-6x3,MERGE,F-T11621A-6X3,1,deny
f-t11621a-6v7,MERGE,F-T11621A-6V7,1,deny
f-t11621a-4x0,MERGE,F-T11621A-4X0,1,deny
f-t11621a-4v6,MERGE,F-T11621A-4V6,1,deny
s-t11621-8w2,MERGE,S-T11621-8W2,1,deny
f-t11621a-8w2,MERGE,F-T11621A-8W2,1,deny
s-t11621-8t6,MERGE,S-T11621-8T6,1,deny
s-t11621-8t0,MERGE,S-T11621-8T0,1,deny
s-t11621-6x3,MERGE,S-T11621-6X3,1,deny
f-t11621a-089,MERGE,F-T11621A-089,1,deny
s-t11621-6v7,MERGE,S-T11621-6V7,1,deny
s-t11621-4x0,MERGE,S-T11621-4X0,1,deny
s-t11621-4v6,MERGE,S-T11621-4V6,1,deny
s-t11621-1h5,MERGE,S-T11621-1H5,1,deny
f-t12421-4w5,MERGE,F-T12421-4W5,1,deny
s-t11621-089,MERGE,S-T11621-089,1,deny
f-f320210a-d1,MERGE,F-F320210A-D1,1,deny
f-t12421-1l7,MERGE,F-T12421-1L7,1,deny
f-t11621a-8w7,MERGE,F-T11621A-8W7,1,deny
f-f320210a-e7,MERGE,F-F320210A-E7,1,deny
s-g11911-gxd,MERGE,S-G11911-GXD,1,deny
f-c11950a-g6m,MERGE,F-C11950A-G6M,1,deny
f-g12011a-g6m,MERGE,F-G12011A-G6M,1,deny
f-c11950a-gxp,MERGE,F-C11950A-GXP,1,deny
f-g12011a-glt,MERGE,F-G12011A-GLT,1,deny
s-g11911-gxp,MERGE,S-G11911-GXP,1,deny
f-c11950a-glt,MERGE,F-C11950A-GLT,1,deny
s-g11911-gno,MERGE,S-G11911-GNO,1,deny
s-g11911-glt,MERGE,S-G11911-GLT,1,deny
s-g11911-gpa,MERGE,S-G11911-GPA,1,deny
rc51-7450,MERGE,RC51-7450,1,deny
rc51-7550,MERGE,RC51-7550,1,deny
f-g12011a-gji,MERGE,F-G12011A-GJI,1,deny
s-g11911-g1k,MERGE,S-G11911-G1K,1,deny
f-c11950a-gji,MERGE,F-C11950A-GJI,1,deny
f-c11950a-gb8,MERGE,F-C11950A-GB8,1,deny
s-g11911-g6m,MERGE,S-G11911-G6M,1,deny
f-c11950a-g1k,MERGE,F-C11950A-G1K,1,deny
s-g11911-g7c,MERGE,S-G11911-G7C,1,deny
s-g11911-g9k,MERGE,S-G11911-G9K,1,deny
s-g11911-gji,MERGE,S-G11911-GJI,1,deny
s-g11911-ga0,MERGE,S-G11911-GA0,1,deny
f-c11950a-gpa,MERGE,F-C11950A-GPA,1,deny
f-c11950a-gno,MERGE,F-C11950A-GNO,1,deny
82289,MERGE,82289,128,deny
82290,MERGE,82290,128,deny
21017,MERGE,21017,1,deny
72900_a,MERGE,72900_A,1020,deny
82294,MERGE,82294,1,deny
93176,MERGE,93176,64,deny
82293,MERGE,82293,54,deny
82295,MERGE,82295,68,deny
82291,MERGE,82291,128,deny
82292,MERGE,82292,122,deny
psr50718,MERGE,PSR50718,172,deny
s-g11911-gba,MERGE,S-G11911-GBA,1,deny
f-f11201a-g1,MERGE,F-F11201A-G1,14,deny
s-d10914-px8,MERGE,S-D10914-PX8,1,deny
f-f11202-g1,MERGE,F-F11202-G1,1,deny
a-f20231-rcgb,MERGE,A-F20231-RCGB,2,deny
sm31530,MERGE,SM31530,470,deny
14010,MERGE,14010,71,deny
sm31430,MERGE,SM31430,149,deny
s-f20231-rcgb,MERGE,S-F20231-RCGB,12,deny
s-f11811-rcgb,MERGE,S-F11811-RCGB,1,deny
14008,MERGE,14008,48,deny
14009,MERGE,14009,103,deny
41012a,MERGE,41012A,33,deny
684178,MERGE,684178,107,deny
41013a,MERGE,41013A,58,deny
70990a,MERGE,70990A,105,deny
91066,MERGE,91066,1,deny
91065,MERGE,91065,33,deny
psr92010,MERGE,PSR92010,1,deny
s-d10917-pr4,MERGE,S-D10917-PR4,1,deny
s-d10914-par,MERGE,S-D10914-PAR,1,deny
s-t42211-3u5,MERGE,S-T42211-3U5,1,deny
s-c12210-g6m,MERGE,S-C12210-G6M,1,deny
s-c12210-gb8,MERGE,S-C12210-GB8,1,deny
s-c12210-gji,MERGE,S-C12210-GJI,1,deny
s-c12210-glt,MERGE,S-C12210-GLT,1,deny
s-c12210-gxp,MERGE,S-C12210-GXP,1,deny
s-t42211-4w5,MERGE,S-T42211-4W5,1,deny
s-t42211-4x4,MERGE,S-T42211-4X4,1,deny
s-t42211-4z0,MERGE,S-T42211-4Z0,1,deny
s-t42211-6v7,MERGE,S-T42211-6V7,1,deny
s-t42211-6x3,MERGE,S-T42211-6X3,1,deny
s-d10911-pbj,MERGE,S-D10911-PBJ,1,deny
s-d10917-ppx,MERGE,S-D10917-PPX,1,deny
s-d10911-ppx,MERGE,S-D10911-PPX,1,deny
s-d10912-pbj,MERGE,S-D10912-PBJ,1,deny
s-d10912-ppx,MERGE,S-D10912-PPX,1,deny
s-d10914-pbj,MERGE,S-D10914-PBJ,1,deny
s-d10914-ppx,MERGE,S-D10914-PPX,1,deny
s-d10914-prv,MERGE,S-D10914-PRV,1,deny
s-d10914-pxr,MERGE,S-D10914-PXR,1,deny
s-d10917-pbj,MERGE,S-D10917-PBJ,1,deny
s-d10917-pxr,MERGE,S-D10917-PXR,1,deny
ts13000s,MERGE,TS13000S,73,deny
94140733,MERGE,94140733,77,deny
501171,MERGE,501171,102,deny
501173,MERGE,501173,41,deny
501172,MERGE,501172,1,deny
f-d10914a-ppx,MERGE,F-D10914A-PPX,1,deny
f-t11413-6x3,MERGE,F-T11413-6X3,1,deny
f-f11202-ne,MERGE,F-F11202-NE,1,deny
f-t11413-6v7,MERGE,F-T11413-6V7,1,deny
f-t11413-4z0,MERGE,F-T11413-4Z0,1,deny
10206,MERGE,10206,6,deny
f-t11413-4w5,MERGE,F-T11413-4W5,1,deny
f-d10914a-pbj,MERGE,F-D10914A-PBJ,1,deny
f-f11201a-ne,MERGE,F-F11201A-NE,1,deny
f-t11413-4x4,MERGE,F-T11413-4X4,1,deny
f-t11413-3u5,MERGE,F-T11413-3U5,1,deny
51143,MERGE,51143,85,deny
f-c12011a-gpa,MERGE,F-C12011A-GPA,1,deny
f-c12211-glt,MERGE,F-C12211-GLT,1,deny
f-c12211-g6m,MERGE,F-C12211-G6M,1,deny
f-c12211-gji,MERGE,F-C12211-GJI,1,deny
f-c319201a-gxg,MERGE,F-C319201A-GXG,1,deny
f-c12011a-gxp,MERGE,F-C12011A-GXP,1,deny
f-c319201a-g1k,MERGE,F-C319201A-G1K,1,deny
f-c319201a-g6m,MERGE,F-C319201A-G6M,1,deny
f-c319201a-gpa,MERGE,F-C319201A-GPA,1,deny
f-c319201a-gji,MERGE,F-C319201A-GJI,1,deny
f-c12011a-glt,MERGE,F-C12011A-GLT,1,deny
f-c12211-gb8,MERGE,F-C12211-GB8,1,deny
f-c12011a-gji,MERGE,F-C12011A-GJI,1,deny
f-c319201a-glt,MERGE,F-C319201A-GLT,1,deny
f-c12211-gxp,MERGE,F-C12211-GXP,1,deny
f-c319201a-gxp,MERGE,F-C319201A-GXP,1,deny
f-c319201a-gcn,MERGE,F-C319201A-GCN,1,deny
f-c11413a-ga0,MERGE,F-C11413A-GA0,1,deny
f-c11412b-gb8,MERGE,F-C11412B-GB8,1,deny
f-c11413a-g1c,MERGE,F-C11413A-G1C,1,deny
f-c11412b-gpa,MERGE,F-C11412B-GPA,1,deny
f-c11413a-gb8,MERGE,F-C11413A-GB8,1,deny
f-c11911a-gxg,MERGE,F-C11911A-GXG,1,deny
f-c11911a-gpa,MERGE,F-C11911A-GPA,1,deny
f-c12011a-g6m,MERGE,F-C12011A-G6M,1,deny
f-c11911a-gji,MERGE,F-C11911A-GJI,1,deny
f-c11412b-g7j,MERGE,F-C11412B-G7J,1,deny
f-c11911a-gcn,MERGE,F-C11911A-GCN,1,deny
f-c11413a-g1k,MERGE,F-C11413A-G1K,1,deny
f-c11412b-g1k,MERGE,F-C11412B-G1K,1,deny
f-c11412b-gcn,MERGE,F-C11412B-GCN,1,deny
f-c11412b-g1c,MERGE,F-C11412B-G1C,1,deny
f-c11412b-gxg,MERGE,F-C11412B-GXG,1,deny
f-c11413a-gcn,MERGE,F-C11413A-GCN,1,deny
f-c12011a-g1k,MERGE,F-C12011A-G1K,1,deny
f-c11413a-gji,MERGE,F-C11413A-GJI,1,deny
f-c11413a-gpa,MERGE,F-C11413A-GPA,1,deny
f-c11413a-gxg,MERGE,F-C11413A-GXG,1,deny
f-c11412b-gji,MERGE,F-C11412B-GJI,1,deny
f-c11911a-g1k,MERGE,F-C11911A-G1K,1,deny
f-c11413a-g9k,MERGE,F-C11413A-G9K,1,deny
a-c12211-glt,MERGE,A-C12211-GLT,1,deny
a-c12211-gxg,MERGE,A-C12211-GXG,1,deny
a-c12211-gji,MERGE,A-C12211-GJI,1,deny
a-c12211-gcn,MERGE,A-C12211-GCN,1,deny
a-c12211-gxp,MERGE,A-C12211-GXP,1,deny
a-c12211-g6m,MERGE,A-C12211-G6M,1,deny
a-c12211-g1k,MERGE,A-C12211-G1K,1,deny
a-c12211-gpa,MERGE,A-C12211-GPA,1,deny
93177,MERGE,93177,74,deny
14006,MERGE,14006,66,deny
78470,MERGE,78470,27,deny
78430,MERGE,78430,27,deny
78970,MERGE,78970,31,deny
78940,MERGE,78940,35,deny
78930,MERGE,78930,39,deny
78800,MERGE,78800,31,deny
78770,MERGE,78770,3,deny
78740,MERGE,78740,3,deny
78730,MERGE,78730,17,deny
78440,MERGE,78440,27,deny
s-n12200-qak,MERGE,S-N12200-QAK,1,deny
s-n12200-kh3,MERGE,S-N12200-KH3,1,deny
s-n12200-kad,MERGE,S-N12200-KAD,1,deny
s-n12200,MERGE,S-N12200,75,deny
93181,MERGE,93181,1,deny
93180,MERGE,93180,130,deny
93174red,MERGE,93174RED,33,deny
117615,MERGE,117615,407,deny
92084,MERGE,92084,12,deny
s-n12200-rcgb,MERGE,S-N12200-RCGB,8,deny
14004,MERGE,14004,19,deny
93186,MERGE,93186,21,deny
93165,MERGE,93165,321,deny
71231_a,MERGE,71231_A,6,deny
61330,MERGE,61330,36,deny
73127,MERGE,73127,17,deny
91061,MERGE,91061,16,deny
91060,MERGE,91060,1,deny
99079,MERGE,99079,87,deny
75900_a,MERGE,75900_A,7,deny
61300,MERGE,61300,36,deny
14005,MERGE,14005,25,deny
61340,MERGE,61340,36,deny
61370,MERGE,61370,23,deny
71230_a,MERGE,71230_A,1,deny
f-f11811a-n1,MERGE,F-F11811A-N1,1,deny
f-t11411a-8t0,MERGE,F-T11411A-8T0,1,deny
f-t11411a-6v7,MERGE,F-T11411A-6V7,1,deny
f-f11811a-e7,MERGE,F-F11811A-E7,1,deny
f-t11411a-4x4,MERGE,F-T11411A-4X4,1,deny
f-d319201-pr4,MERGE,F-D319201-PR4,1,deny
f-t11411a-8w2,MERGE,F-T11411A-8W2,1,deny
f-d10917a-ppx,MERGE,F-D10917A-PPX,1,deny
f-d319201-ppx,MERGE,F-D319201-PPX,1,deny
f-f20911b-d1,MERGE,F-F20911B-D1,1,deny
f-f20911b-e7,MERGE,F-F20911B-E7,1,deny
f-t11411a-4x0,MERGE,F-T11411A-4X0,1,deny
f-d21011a-pxr,MERGE,F-D21011A-PXR,1,deny
f-d10917a-pbj,MERGE,F-D10917A-PBJ,1,deny
f-f20911b-hx,MERGE,F-F20911B-HX,1,deny
f-f20911b-pq,MERGE,F-F20911B-PQ,1,deny
f-t11411a-4v6,MERGE,F-T11411A-4V6,1,deny
f-t11411a-1h5,MERGE,F-T11411A-1H5,1,deny
f-f318201-pq,MERGE,F-F318201-PQ,1,deny
f-f318201-n1,MERGE,F-F318201-N1,1,deny
f-f318201-e7,MERGE,F-F318201-E7,1,deny
f-f318201-d1,MERGE,F-F318201-D1,1,deny
f-f315110-tb,MERGE,F-F315110-TB,1,deny
f-f315110-sz,MERGE,F-F315110-SZ,1,deny
f-f315110-pq,MERGE,F-F315110-PQ,1,deny
f-d319201-pbj,MERGE,F-D319201-PBJ,1,deny
f-f315110-n1,MERGE,F-F315110-N1,1,deny
f-d10911b-pbj,MERGE,F-D10911B-PBJ,1,deny
f-t11411a-3l5,MERGE,F-T11411A-3L5,1,deny
f-t11411a-3r3,MERGE,F-T11411A-3R3,1,deny
f-t11411a-4u3,MERGE,F-T11411A-4U3,1,deny
f-d319201-pau,MERGE,F-D319201-PAU,1,deny
f-t11411a-8t6,MERGE,F-T11411A-8T6,1,deny
f-f11811a-pq,MERGE,F-F11811A-PQ,1,deny
f-f11811a-d1,MERGE,F-F11811A-D1,1,deny
f-d319201-pxq,MERGE,F-D319201-PXQ,1,deny
f-f10911a-n1,MERGE,F-F10911A-N1,1,deny
f-f10911a-pq,MERGE,F-F10911A-PQ,1,deny
f-f10911a-sz,MERGE,F-F10911A-SZ,1,deny
f-d10917a-pxr,MERGE,F-D10917A-PXR,1,deny
f-f10911a-uj,MERGE,F-F10911A-UJ,1,deny
f-d319201-ps2,MERGE,F-D319201-PS2,1,deny
f-d10917a-pr4,MERGE,F-D10917A-PR4,1,deny
f-d319201-psc,MERGE,F-D319201-PSC,1,deny
f-d319201-pxr,MERGE,F-D319201-PXR,1,deny
f-d21011a-pr4,MERGE,F-D21011A-PR4,1,deny
f-d21011a-pbj,MERGE,F-D21011A-PBJ,1,deny
a-f11811-tb,MERGE,A-F11811-TB,1,deny
a-f11811-n1,MERGE,A-F11811-N1,1,deny
a-f11811-e7,MERGE,A-F11811-E7,1,deny
a-f11811-sz,MERGE,A-F11811-SZ,1,deny
a-f11811-pq,MERGE,A-F11811-PQ,1,deny
a-f11811-d1,MERGE,A-F11811-D1,1,deny
a-d10914-ps2,MERGE,A-D10914-PS2,1,deny
a-d10914-ppx,MERGE,A-D10914-PPX,1,deny
a-d10914-pxq,MERGE,A-D10914-PXQ,1,deny
a-d10914-pr4,MERGE,A-D10914-PR4,1,deny
a-d10914-psc,MERGE,A-D10914-PSC,1,deny
a-d10914-pbj,MERGE,A-D10914-PBJ,1,deny
a-d10914-pxr,MERGE,A-D10914-PXR,1,deny
a-d10914-pau,MERGE,A-D10914-PAU,1,deny
11230,MERGE,11230,17,deny
502065_a,MERGE,502065_A,83,deny
11240,MERGE,11240,17,deny
42509550,MERGE,42509550,36,deny
51135,MERGE,51135,1,deny
51136,MERGE,51136,1,deny
f-d10917a-prv,MERGE,F-D10917A-PRV,1,deny
s-d10917-prv,MERGE,S-D10917-PRV,1,deny
51137,MERGE,51137,1,deny
s-d10917-par,MERGE,S-D10917-PAR,1,deny
s-d10912-prv,MERGE,S-D10912-PRV,1,deny
s-d10911-prv,MERGE,S-D10911-PRV,1,deny
s-c12210-gba,MERGE,S-C12210-GBA,1,deny
f-d10917a-par,MERGE,F-D10917A-PAR,1,deny
f-d10911b-prv,MERGE,F-D10911B-PRV,1,deny
f-d319201-prv,MERGE,F-D319201-PRV,1,deny
a-d10914-prv,MERGE,A-D10914-PRV,1,deny
f-d21011a-prv,MERGE,F-D21011A-PRV,1,deny
f-d319201-par,MERGE,F-D319201-PAR,1,deny
a-d10914-par,MERGE,A-D10914-PAR,1,deny
f-d10914a-prv,MERGE,F-D10914A-PRV,1,deny
f-d21011a-par,MERGE,F-D21011A-PAR,1,deny
72110,MERGE,72110,41,deny
42207650,MERGE,42207650,11,deny
90180911,MERGE,90180911,14,deny
90180912,MERGE,90180912,109,deny
90180906,MERGE,90180906,89,deny
80201811,MERGE,80201811,44,deny
90180917,MERGE,90180917,63,deny
80202417a,MERGE,80202417A,52,deny
80202413a,MERGE,80202413A,69,deny
80202412a,MERGE,80202412A,21,deny
80201817a,MERGE,80201817A,27,deny
80201813a,MERGE,80201813A,41,deny
80201812a,MERGE,80201812A,17,deny
80201806,MERGE,80201806,29,deny
80201217a,MERGE,80201217A,1,deny
80201212a,MERGE,80201212A,78,deny
80200917a,MERGE,80200917A,85,deny
80200912a,MERGE,80200912A,155,deny
80200910,MERGE,80200910,88,deny
80200906,MERGE,80200906,39,deny
90180913,MERGE,90180913,46,deny
90202412,MERGE,90202412,1,deny
90200912,MERGE,90200912,1,deny
90181210,MERGE,90181210,3,deny
73003,MERGE,73003,1,deny
90201212,MERGE,90201212,1,deny
90200910,MERGE,90200910,74,deny
90181217,MERGE,90181217,27,deny
90181214,MERGE,90181214,57,deny
81201817a,MERGE,81201817A,19,deny
42534600,MERGE,42534600,1,deny
90181213,MERGE,90181213,51,deny
90181212,MERGE,90181212,80,deny
90181211,MERGE,90181211,26,deny
79180912a,MERGE,79180912A,60,deny
79170918,MERGE,79170918,33,deny
79180917a,MERGE,79180917A,111,deny
79180918,MERGE,79180918,9,deny
79181812,MERGE,79181812,1,deny
79170917,MERGE,79170917,10,deny
79181210,MERGE,79181210,21,deny
79181212a,MERGE,79181212A,26,deny
81200914a,MERGE,81200914A,26,deny
79181214,MERGE,79181214,38,deny
79181217,MERGE,79181217,7,deny
79181218a,MERGE,79181218A,1,deny
81200910,MERGE,81200910,43,deny
81200917a,MERGE,81200917A,21,deny
79170912,MERGE,79170912,60,deny
81202417a,MERGE,81202417A,41,deny
81202412a,MERGE,81202412A,65,deny
81201212a,MERGE,81201212A,55,deny
81201812a,MERGE,81201812A,1,deny
79170913,MERGE,79170913,43,deny
81201805a,MERGE,81201805A,109,deny
81200912a,MERGE,81200912A,23,deny
81201217a,MERGE,81201217A,104,deny
81200906,MERGE,81200906,35,deny
f-c10714b-836,MERGE,F-C10714B-836,1,deny
41370,MERGE,41370,1,deny
f-c10714b-gap,MERGE,F-C10714B-GAP,1,deny
41340,MERGE,41340,7,deny
41330,MERGE,41330,7,deny
f-c10714b-16,MERGE,F-C10714B-16,1,deny
f-c10714b-giw,MERGE,F-C10714B-GIW,1,deny
f-g10717-gcn,MERGE,F-G10717-GCN,1,deny
44240,MERGE,44240,1,deny
f-c11612a-16,MERGE,F-C11612A-16,1,deny
f-c11612a-gap,MERGE,F-C11612A-GAP,1,deny
f-c10714b-gcn,MERGE,F-C10714B-GCN,1,deny
f-c10714b-46,MERGE,F-C10714B-46,1,deny
f-c11612a-gcn,MERGE,F-C11612A-GCN,1,deny
44230,MERGE,44230,1,deny
f-c11612a-46,MERGE,F-C11612A-46,1,deny
f-g10717-giw,MERGE,F-G10717-GIW,1,deny
44270,MERGE,44270,1,deny
f-g10717-gap,MERGE,F-G10717-GAP,1,deny
97041red,MERGE,97041RED,71,deny
10110,MERGE,10110,13,deny
f-g10717-46,MERGE,F-G10717-46,1,deny
f-c11612a-giw,MERGE,F-C11612A-GIW,1,deny
f-c11612a-836,MERGE,F-C11612A-836,1,deny
82180917,MERGE,82180917,55,deny
82180918,MERGE,82180918,26,deny
82180912,MERGE,82180912,252,deny
82170913,MERGE,82170913,60,deny
82170918,MERGE,82170918,177,deny
82170912,MERGE,82170912,20,deny
82181210,MERGE,82181210,77,deny
82181212,MERGE,82181212,112,deny
82181214,MERGE,82181214,3,deny
82181217,MERGE,82181217,16,deny
82181812,MERGE,82181812,1,deny
82170917,MERGE,82170917,77,deny
82140730,MERGE,82140730,60,deny
82151813,MERGE,82151813,226,deny
f-t12421-3u5,MERGE,F-T12421-3U5,1,deny
o-t12421-3u5,MERGE,O-T12421-3U5,1,deny
699056,MERGE,699056,68,deny
49930,MERGE,49930,296,deny
49957,MERGE,49957,76,deny
49950,MERGE,49950,11,deny
49940,MERGE,49940,1,deny
49931,MERGE,49931,42,deny
97085,MERGE,97085,37,deny
41630,MERGE,41630,10,deny
41230,MERGE,41230,10,deny
41240,MERGE,41240,10,deny
41270,MERGE,41270,10,deny
41670,MERGE,41670,10,deny
41640,MERGE,41640,10,deny
501154_c,MERGE,501154_C,136,deny
43701a,MERGE,43701A,13,deny
93170,MERGE,93170,7,deny
501161_b,MERGE,501161_B,199,deny
93172,MERGE,93172,13,deny
93173,MERGE,93173,1,deny
502161_b,MERGE,502161_B,95,deny
68670,MERGE,68670,1,deny
68640,MERGE,68640,13,deny
68940,MERGE,68940,19,deny
61640,MERGE,61640,19,deny
61670,MERGE,61670,1,deny
61740,MERGE,61740,13,deny
61770,MERGE,61770,1,deny
68970,MERGE,68970,1,deny
92083,MERGE,92083,12,deny
11019,MERGE,11019,157,deny
51141,MERGE,51141,49,deny
71097,MERGE,71097,102,deny
71096,MERGE,71096,57,deny
31016,MERGE,31016,53,deny
31015,MERGE,31015,38,deny
11018,MERGE,11018,49,deny
72108,MERGE,72108,2,deny
770791_j,MERGE,770791_J,88,deny
14007,MERGE,14007,92,deny
490-87up40,MERGE,490-87UP40,18,deny
10406,MERGE,10406,10,deny
10620,MERGE,10620,3,deny
490-87up30,MERGE,490-87UP30,30,deny
99078,MERGE,99078,43,deny
10644,MERGE,10644,7,deny
50016,MERGE,50016,129,deny
91062,MERGE,91062,258,deny
74040,MERGE,74040,34,deny
82283,MERGE,82283,136,deny
82284,MERGE,82284,130,deny
82286,MERGE,82286,1,deny
82285,MERGE,82285,54,deny
82282,MERGE,82282,136,deny
82281,MERGE,82281,136,deny
10407,MERGE,10407,6,deny
82287,MERGE,82287,68,deny
10204,MERGE,10204,15,deny
93155,MERGE,93155,28,deny
770864_a,MERGE,770864_A,18,deny
73118,MERGE,73118,98,deny
rc51-7865,MERGE,RC51-7865,1,deny
73129,MERGE,73129,1,deny
rc51-7170,MERGE,RC51-7170,142,deny
42120690,MERGE,42120690,255,deny
s-d10912-psc,MERGE,S-D10912-PSC,1,deny
s-d10912-pxj,MERGE,S-D10912-PXJ,1,deny
s-d10912-px8,MERGE,S-D10912-PX8,1,deny
s-d10912-pxr,MERGE,S-D10912-PXR,1,deny
s-d10912-pw7,MERGE,S-D10912-PW7,1,deny
s-d10912-pau,MERGE,S-D10912-PAU,1,deny
10656,MERGE,10656,5,deny
s-d10912-pxq,MERGE,S-D10912-PXQ,1,deny
s-d10912-pr4,MERGE,S-D10912-PR4,1,deny
s-d10912-ps2,MERGE,S-D10912-PS2,1,deny
s-d10912,MERGE,S-D10912,7,deny
s-d10912-par,MERGE,S-D10912-PAR,1,deny
f-t12421,MERGE,F-T12421,8,deny
f-t12421-089,MERGE,F-T12421-089,1,deny
f-t12421-202,MERGE,F-T12421-202,4,deny
f-t12421-040,MERGE,F-T12421-040,1,deny
f-t12421-1j9,MERGE,F-T12421-1J9,1,deny
s-f32241,MERGE,S-F32241,58,deny
s-f32241-m7,MERGE,S-F32241-M7,1,deny
s-f32241-js,MERGE,S-F32241-JS,1,deny
s-f32241-g1,MERGE,S-F32241-G1,1,deny
s-f32241-ux,MERGE,S-F32241-UX,1,deny
s-f32241-yz,MERGE,S-F32241-YZ,1,deny
117701a,MERGE,117701A,942,deny
73119,MERGE,73119,4,deny
72107,MERGE,72107,24,deny
501153,MERGE,501153,33,deny
73124,MERGE,73124,10,deny
72106,MERGE,72106,1,deny
72101,MERGE,72101,24,deny
88001,MERGE,88001,203,deny
72102,MERGE,72102,24,deny
73128,MERGE,73128,1,deny
99082,MERGE,99082,17,deny
72104,MERGE,72104,24,deny
72103,MERGE,72103,12,deny
72105,MERGE,72105,10,deny
10205,MERGE,10205,1,deny
73126,MERGE,73126,73,deny
rs189,MERGE,RS189,55,deny
41400red,MERGE,41400RED,127,deny
73222,MERGE,73222,1191,deny
117702a,MERGE,117702A,259,deny
117703a,MERGE,117703A,616,deny
41400,MERGE,41400,40,deny
psr652024a,MERGE,PSR652024A,1,deny
73117,MERGE,73117,1,deny
o-t12421-202,MERGE,O-T12421-202,16,deny
o-t12421-089,MERGE,O-T12421-089,1,deny
o-t12421-1j9,MERGE,O-T12421-1J9,1,deny
o-t12421-040,MERGE,O-T12421-040,1,deny
o-t12421,MERGE,O-T12421,6,deny
s-f11811,MERGE,S-F11811,12,deny
s-f11811-um,MERGE,S-F11811-UM,1,deny
s-f11811-ux,MERGE,S-F11811-UX,1,deny
s-f11811-yz,MERGE,S-F11811-YZ,1,deny
rcm525,MERGE,RCM525,404,deny
51139,MERGE,51139,7,deny
24140,MERGE,24140,6,deny
231n2,MERGE,231N2,49,deny
98432032,MERGE,98432032,137,deny
10034wc,MERGE,10034WC,1,deny
501157,MERGE,501157,61,deny
rct2480cc,MERGE,RCT2480CC,1,deny
n217-030,MERGE,N217-030,72,deny
f-f20231-d1,MERGE,F-F20231-D1,1,deny
f-f20231-hx,MERGE,F-F20231-HX,1,deny
f-f20231-pq,MERGE,F-F20231-PQ,1,deny
94140730,MERGE,94140730,1,deny
s-f21112-d1,MERGE,S-F21112-D1,1,deny
f-f21112-hx,MERGE,F-F21112-HX,1,deny
f-f21112-js,MERGE,F-F21112-JS,1,deny
f-f21112-d1,MERGE,F-F21112-D1,1,deny
f-f21112-n1,MERGE,F-F21112-N1,1,deny
f-f21112-pq,MERGE,F-F21112-PQ,1,deny
f-f21111a-pq,MERGE,F-F21111A-PQ,1,deny
f-f21111a-n1,MERGE,F-F21111A-N1,1,deny
s-f20231-pq,MERGE,S-F20231-PQ,1,deny
s-f20231-hx,MERGE,S-F20231-HX,1,deny
s-f20231-d1,MERGE,S-F20231-D1,1,deny
42219500,MERGE,42219500,117,deny
s-f21112-hx,MERGE,S-F21112-HX,1,deny
s-f21112-js,MERGE,S-F21112-JS,1,deny
a-f20231-pq,MERGE,A-F20231-PQ,1,deny
a-f20231-d1,MERGE,A-F20231-D1,1,deny
s-f21112-n1,MERGE,S-F21112-N1,1,deny
s-f21112-pq,MERGE,S-F21112-PQ,1,deny
a-f20231-hx,MERGE,A-F20231-HX,1,deny
770770_a,MERGE,770770_A,82,deny
76830red,MERGE,76830RED,24,deny
76857red,MERGE,76857RED,23,deny
76850red,MERGE,76850RED,28,deny
76658red,MERGE,76658RED,8,deny
76658,MERGE,76658,8,deny
76700,MERGE,76700,40,deny
76642red,MERGE,76642RED,60,deny
76632red,MERGE,76632RED,67,deny
76840red,MERGE,76840RED,12,deny
76700red,MERGE,76700RED,36,deny
76831red,MERGE,76831RED,87,deny
76650red,MERGE,76650RED,8,deny
74231red,MERGE,74231RED,62,deny
74250red,MERGE,74250RED,1,deny
74241red,MERGE,74241RED,67,deny
74240red,MERGE,74240RED,67,deny
74252red,MERGE,74252RED,1,deny
74232red,MERGE,74232RED,62,deny
74258red,MERGE,74258RED,1,deny
74257red,MERGE,74257RED,1,deny
54431red,MERGE,54431RED,1,deny
83430red,MERGE,83430RED,3,deny
54531red,MERGE,54531RED,1,deny
54440red,MERGE,54440RED,1,deny
31200red,MERGE,31200RED,1,deny
31201red,MERGE,31201RED,15,deny
31201,MERGE,31201,1,deny
83401a,MERGE,83401A,61,deny
31430red,MERGE,31430RED,1,deny
31231red,MERGE,31231RED,15,deny
83400red,MERGE,83400RED,2,deny
31230red,MERGE,31230RED,1,deny
31440red,MERGE,31440RED,1,deny
51036red,MERGE,51036RED,73,deny
51036,MERGE,51036,160,deny
31240red,MERGE,31240RED,15,deny
51014red,MERGE,51014RED,27,deny
51013red,MERGE,51013RED,4,deny
85171211a,MERGE,85171211A,1,deny
54550red,MERGE,54550RED,1,deny
54557red,MERGE,54557RED,1,deny
31402,MERGE,31402,11,deny
31431red,MERGE,31431RED,1,deny
54540red,MERGE,54540RED,1,deny
31402red,MERGE,31402RED,1,deny
85170010a,MERGE,85170010A,3,deny
40231red,MERGE,40231RED,24,deny
83431red,MERGE,83431RED,9,deny
83432red,MERGE,83432RED,9,deny
40240red,MERGE,40240RED,15,deny
10918,MERGE,10918,25,deny
10208,MERGE,10208,151,deny
501161_a,MERGE,501161_A,199,deny
srb202485,MERGE,SRB202485,34,deny
10203,MERGE,10203,1,deny
99900,MERGE,99900,6,deny
s-d10917-pxj,MERGE,S-D10917-PXJ,1,deny
s-d10917-pau,MERGE,S-D10917-PAU,1,deny
s-d10917,MERGE,S-D10917,1,deny
s-d10917-pw7,MERGE,S-D10917-PW7,1,deny
s-d10917-psc,MERGE,S-D10917-PSC,1,deny
73213,MERGE,73213,182,deny
s-d10917-pxq,MERGE,S-D10917-PXQ,1,deny
s-d10917-ps2,MERGE,S-D10917-PS2,1,deny
75740,MERGE,75740,1,deny
75731,MERGE,75731,1,deny
22640red,MERGE,22640RED,8,deny
11800red,MERGE,11800RED,1,deny
28230red,MERGE,28230RED,28,deny
28850red,MERGE,28850RED,3,deny
28840red,MERGE,28840RED,8,deny
22630red,MERGE,22630RED,64,deny
28831red,MERGE,28831RED,53,deny
28231red,MERGE,28231RED,39,deny
28250red,MERGE,28250RED,3,deny
28857red,MERGE,28857RED,40,deny
22631red,MERGE,22631RED,53,deny
28830red,MERGE,28830RED,53,deny
1325,MERGE,1325,1,deny
22650red,MERGE,22650RED,3,deny
22657red,MERGE,22657RED,40,deny
29540red,MERGE,29540RED,8,deny
28257red,MERGE,28257RED,39,deny
11400,MERGE,11400,1,deny
11800,MERGE,11800,1,deny
29550red,MERGE,29550RED,3,deny
29557red,MERGE,29557RED,40,deny
29531red,MERGE,29531RED,53,deny
1325red,MERGE,1325RED,56,deny
29601,MERGE,29601,1,deny
29601red,MERGE,29601RED,61,deny
11400red,MERGE,11400RED,64,deny
29532red,MERGE,29532RED,53,deny
29501red,MERGE,29501RED,64,deny
29501,MERGE,29501,1,deny
72900,MERGE,72900,1020,deny
f-c12311-gxd,MERGE,F-C12311-GXD,1,deny
f-c12311-gaz,MERGE,F-C12311-GAZ,1,deny
f-c12311,MERGE,F-C12311,54,deny
f-c12311-gba,MERGE,F-C12311-GBA,8,deny
86201812,MERGE,86201812,1,deny
f-c12311-gxn,MERGE,F-C12311-GXN,1,deny
84086sm,MERGE,84086SM,26,deny
a-f11811-j7,MERGE,A-F11811-J7,1,deny
a-f11811-um,MERGE,A-F11811-UM,1,deny
a-f11811-js,MERGE,A-F11811-JS,1,deny
a-f11811-m7,MERGE,A-F11811-M7,1,deny
s-f20911a-m7,MERGE,S-F20911A-M7,1,deny
f-f11811a-js,MERGE,F-F11811A-JS,1,deny
f-f320210a-js,MERGE,F-F320210A-JS,1,deny
f-f318201-um,MERGE,F-F318201-UM,1,deny
f-f10911a-z1,MERGE,F-F10911A-Z1,1,deny
f-f318201-js,MERGE,F-F318201-JS,1,deny
f-f320210a-m7,MERGE,F-F320210A-M7,1,deny
f-f318201-j7,MERGE,F-F318201-J7,1,deny
f-f20911b-m7,MERGE,F-F20911B-M7,1,deny
f-f315110-j7,MERGE,F-F315110-J7,1,deny
f-f11811a-j7,MERGE,F-F11811A-J7,1,deny
s-d10911-pxq,MERGE,S-D10911-PXQ,1,deny
s-d10911-ps2,MERGE,S-D10911-PS2,1,deny
s-d10911-psc,MERGE,S-D10911-PSC,1,deny
s-d10911-pw7,MERGE,S-D10911-PW7,1,deny
s-d10911-px8,MERGE,S-D10911-PX8,8,deny
s-d10911-pxj,MERGE,S-D10911-PXJ,1,deny
s-d10911-par,MERGE,S-D10911-PAR,1,deny
s-d10911,MERGE,S-D10911,42,deny
s-f21112-j7,MERGE,S-F21112-J7,1,deny
s-d10911-pxr,MERGE,S-D10911-PXR,1,deny
s-f21112-m7,MERGE,S-F21112-M7,1,deny
s-f21112-ux,MERGE,S-F21112-UX,1,deny
s-f21112-g1,MERGE,S-F21112-G1,21,deny
s-f21112-yz,MERGE,S-F21112-YZ,1,deny
s-f21112,MERGE,S-F21112,29,deny
s-f21112-z1,MERGE,S-F21112-Z1,1,deny
s-d10911-pau,MERGE,S-D10911-PAU,1,deny
s-d10911-pr4,MERGE,S-D10911-PR4,1,deny
s-f21112-um,MERGE,S-F21112-UM,1,deny
44008,MERGE,44008,31,deny
s-t11621-218,MERGE,S-T11621-218,1,deny
s-t11621,MERGE,S-T11621,55,deny
s-t11621-1d6,MERGE,S-T11621-1D6,1,deny
s-t11621-o40,MERGE,S-T11621-O40,1,deny
s-t11621-1g3,MERGE,S-T11621-1G3,1,deny
s-t11621-202,MERGE,S-T11621-202,18,deny
s-t11621-1j9,MERGE,S-T11621-1J9,1,deny
94430,MERGE,94430,1,deny
94130,MERGE,94130,7,deny
91930,MERGE,91930,2,deny
94016,MERGE,94016,16,deny
93058,MERGE,93058,7,deny
94230,MERGE,94230,1,deny
79830,MERGE,79830,24,deny
79840,MERGE,79840,24,deny
94017,MERGE,94017,75,deny
94015,MERGE,94015,316,deny
91830,MERGE,91830,7,deny
91530,MERGE,91530,2,deny
91730,MERGE,91730,1,deny
99214,MERGE,99214,35,deny
94030,MERGE,94030,7,deny
51140,MERGE,51140,175,deny
91630,MERGE,91630,7,deny
79400,MERGE,79400,27,deny
79430,MERGE,79430,27,deny
78870,MERGE,78870,1792,deny
94009,MERGE,94009,72,deny
96103,MERGE,96103,1,deny
94008,MERGE,94008,54,deny
94007,MERGE,94007,190,deny
96105,MERGE,96105,1,deny
94006,MERGE,94006,285,deny
96104,MERGE,96104,1,deny
96106,MERGE,96106,1,deny
94004,MERGE,94004,60,deny
97081,MERGE,97081,192,deny
97084,MERGE,97084,67,deny
97083,MERGE,97083,54,deny
97082,MERGE,97082,185,deny
96107,MERGE,96107,3,deny
95201812,MERGE,95201812,3,deny
76901red,MERGE,76901RED,4,deny
76901,MERGE,76901,88,deny
88170012,MERGE,88170012,26,deny
96101,MERGE,96101,68,deny
79530,MERGE,79530,24,deny
79540,MERGE,79540,24,deny
79570,MERGE,79570,24,deny
79900,MERGE,79900,11,deny
f-c11950a-ga0,MERGE,F-C11950A-GA0,1,deny
f-c11950a-g9k,MERGE,F-C11950A-G9K,1,deny
f-g12011a-g7c,MERGE,F-G12011A-G7C,1,deny
f-c11950a-gxd,MERGE,F-C11950A-GXD,1,deny
f-g12011a-g9k,MERGE,F-G12011A-G9K,1,deny
f-g12011a-ga0,MERGE,F-G12011A-GA0,1,deny
f-g12011a-gxd,MERGE,F-G12011A-GXD,1,deny
f-c11950a-g7c,MERGE,F-C11950A-G7C,1,deny
79770,MERGE,79770,39,deny
79370,MERGE,79370,1,deny
79730,MERGE,79730,17,deny
79670,MERGE,79670,39,deny
79330,MERGE,79330,1,deny
79340,MERGE,79340,1,deny
79740,MERGE,79740,22,deny
79640,MERGE,79640,22,deny
79630,MERGE,79630,17,deny
s-c12210-ga0,MERGE,S-C12210-GA0,1,deny
s-c12210-g9k,MERGE,S-C12210-G9K,1,deny
s-c12210-g7c,MERGE,S-C12210-G7C,1,deny
s-c12210,MERGE,S-C12210,1,deny
s-c12210-gaz,MERGE,S-C12210-GAZ,1,deny
s-c12210-gan,MERGE,S-C12210-GAN,1,deny
s-c12210-gxd,MERGE,S-C12210-GXD,1,deny
f-c11413a-g7c,MERGE,F-C11413A-G7C,1,deny
f-c11911a-gxd,MERGE,F-C11911A-GXD,1,deny
f-c12211-ga0,MERGE,F-C12211-GA0,1,deny
f-c12211-g7c,MERGE,F-C12211-G7C,1,deny
f-c12211-g9k,MERGE,F-C12211-G9K,1,deny
f-c12211-gxd,MERGE,F-C12211-GXD,1,deny
f-d10914a-pr4,MERGE,F-D10914A-PR4,1,deny
f-c319201a-g7c,MERGE,F-C319201A-G7C,1,deny
f-c319201a-g9k,MERGE,F-C319201A-G9K,1,deny
f-c11911a-g7c,MERGE,F-C11911A-G7C,1,deny
f-c319201a-ga0,MERGE,F-C319201A-GA0,1,deny
f-d10914a-pxr,MERGE,F-D10914A-PXR,1,deny
f-c12011a-ga0,MERGE,F-C12011A-GA0,1,deny
f-c319201a-gxd,MERGE,F-C319201A-GXD,1,deny
f-c11911a-ga0,MERGE,F-C11911A-GA0,1,deny
f-c12011a-g9k,MERGE,F-C12011A-G9K,1,deny
f-c12011a-g7c,MERGE,F-C12011A-G7C,1,deny
f-c11911a-g9k,MERGE,F-C11911A-G9K,1,deny
f-c12011a-gxd,MERGE,F-C12011A-GXD,1,deny
f-d10914a-par,MERGE,F-D10914A-PAR,1,deny
f-c11412b-g7c,MERGE,F-C11412B-G7C,1,deny
rcc1489ccb,MERGE,RCC1489CCB,23,deny
f-c11412b-ga0,MERGE,F-C11412B-GA0,1,deny
f-c11412b-g9k,MERGE,F-C11412B-G9K,1,deny
a-c12211-ga0,MERGE,A-C12211-GA0,1,deny
rcc1489qcb,MERGE,RCC1489QCB,10,deny
a-c12211-g7c,MERGE,A-C12211-G7C,1,deny
a-c12211-g9k,MERGE,A-C12211-G9K,1,deny
770768_ad,MERGE,770768_AD,26,deny
23332_a,MERGE,23332_A,149,deny
42620500,MERGE,42620500,91,deny
s-f20231-um,MERGE,S-F20231-UM,1,deny
s-d10914-pw7,MERGE,S-D10914-PW7,1,deny
s-d10914-pxq,MERGE,S-D10914-PXQ,1,deny
s-f20231-yz,MERGE,S-F20231-YZ,1,deny
f-c11612a-gba,MERGE,F-C11612A-GBA,1,deny
a-f20231-js,MERGE,A-F20231-JS,1,deny
f-f21111a-j7,MERGE,F-F21111A-J7,1,deny
a-f20231-yz,MERGE,A-F20231-YZ,1,deny
s-d10914-ps2,MERGE,S-D10914-PS2,1,deny
s-f20231-m7,MERGE,S-F20231-M7,1,deny
s-f20231-js,MERGE,S-F20231-JS,1,deny
f-c11612a-gan,MERGE,F-C11612A-GAN,1,deny
f-c11612a,MERGE,F-C11612A,17,deny
s-f20231,MERGE,S-F20231,4,deny
f-f21111a,MERGE,F-F21111A,46,deny
s-d10914-psc,MERGE,S-D10914-PSC,1,deny
f-c11612a-gaz,MERGE,F-C11612A-GAZ,1,deny
s-d10914-pr4,MERGE,S-D10914-PR4,1,deny
a-f20231-um,MERGE,A-F20231-UM,1,deny
f-d10911b-pxq,MERGE,F-D10911B-PXQ,1,deny
f-d10911b-pxj,MERGE,F-D10911B-PXJ,1,deny
f-f21111a-ux,MERGE,F-F21111A-UX,1,deny
f-f21111a-z1,MERGE,F-F21111A-Z1,1,deny
f-d10911b-pxr,MERGE,F-D10911B-PXR,1,deny
f-d10911b-psc,MERGE,F-D10911B-PSC,1,deny
f-f21111a-uj,MERGE,F-F21111A-UJ,1,deny
s-d10914-pxj,MERGE,S-D10914-PXJ,1,deny
f-d10911b-par,MERGE,F-D10911B-PAR,1,deny
a-f20231,MERGE,A-F20231,35,deny
f-f21111a-uh,MERGE,F-F21111A-UH,1,deny
f-d10911b-pr4,MERGE,F-D10911B-PR4,1,deny
s-d10914,MERGE,S-D10914,43,deny
s-d10914-pau,MERGE,S-D10914-PAU,1,deny
84180918,MERGE,84180918,39,deny
83200917,MERGE,83200917,34,deny
psr610330,MERGE,PSR610330,42,deny
83200911,MERGE,83200911,1,deny
84170918,MERGE,84170918,7,deny
84170917,MERGE,84170917,53,deny
83170917,MERGE,83170917,11,deny
84180917,MERGE,84180917,83,deny
84170913,MERGE,84170913,79,deny
83200906,MERGE,83200906,49,deny
83170912,MERGE,83170912,54,deny
83200910,MERGE,83200910,1,deny
84180912,MERGE,84180912,88,deny
84180913,MERGE,84180913,25,deny
84170912,MERGE,84170912,1,deny
47940,MERGE,47940,4,deny
92180017,MERGE,92180017,125,deny
96200012,MERGE,96200012,64,deny
85170014a,MERGE,85170014A,1,deny
76801,MERGE,76801,24,deny
76801red,MERGE,76801RED,20,deny
73216,MERGE,73216,559,deny
73218,MERGE,73218,176,deny
73131,MERGE,73131,39,deny
48640,MERGE,48640,8,deny
s-g11911-gan,MERGE,S-G11911-GAN,1,deny
psr91510,MERGE,PSR91510,1,deny
s-t42211-8x8,MERGE,S-T42211-8x8,1,deny
s-g11911,MERGE,S-G11911,6,deny
sm2161,MERGE,SM2161,33,deny
s-g11911-gaz,MERGE,S-G11911-GAZ,1,deny
92180018,MERGE,92180018,32,deny
s-g11911-gb8,MERGE,S-G11911-GB8,1,deny
f-f20231-m7,MERGE,F-F20231-M7,1,deny
50257,MERGE,50257,1,deny
50015,MERGE,50015,11,deny
48657,MERGE,48657,8,deny
56257,MERGE,56257,11,deny
52157,MERGE,52157,11,deny
97077,MERGE,97077,34,deny
85171812a,MERGE,85171812A,1,deny
80001,MERGE,80001,92,deny
80001red,MERGE,80001RED,16,deny
43657,MERGE,43657,1,deny
rc09422,MERGE,RC09422,171,deny
rc09421a,MERGE,RC09421A,574,deny
99065,MERGE,99065,118,deny
501154_a,MERGE,501154_A,136,deny
501154_b,MERGE,501154_B,136,deny
44009,MERGE,44009,23,deny
33340,MERGE,33340,25,deny
100345wc,MERGE,100345WC,1,deny
73840,MERGE,73840,7,deny
100347wc,MERGE,100347WC,1,deny
f-g10717,MERGE,F-G10717,43,deny
f-g10717-gan,MERGE,F-G10717-GAN,1,deny
f-g10717-gaz,MERGE,F-G10717-GAZ,1,deny
91052,MERGE,91052,477,deny
91057,MERGE,91057,36,deny
f-g10717-gba,MERGE,F-G10717-GBA,38,deny
82008red,MERGE,82008RED,54,deny
82009red,MERGE,82009RED,1,deny
82008,MERGE,82008,43,deny
82009,MERGE,82009,119,deny
502027,MERGE,502027,25,deny
501100_a,MERGE,501100_A,66,deny
f-t11413-8x8,MERGE,F-T11413-8X8,1,deny
49120651,MERGE,49120651,475,deny
770820_a,MERGE,770820_A,99,deny
501100,MERGE,501100,66,deny
55540,MERGE,55540,38,deny
s-f20911a-um,MERGE,S-F20911A-UM,1,deny
s-f20911a-yz,MERGE,S-F20911A-YZ,1,deny
s-f20911a-js,MERGE,S-F20911A-JS,1,deny
s-f20911a,MERGE,S-F20911A,1,deny
502051c,MERGE,502051C,38,deny
93160,MERGE,93160,29,deny
16530red,MERGE,16530RED,6,deny
93161,MERGE,93161,29,deny
17030red,MERGE,17030RED,6,deny
8596n2red,MERGE,8596N2RED,90,deny
psr055110,MERGE,PSR055110,4,deny
1859red,MERGE,1859RED,55,deny
1859,MERGE,1859,79,deny
psr091710,MERGE,PSR091710,9,deny
1959,MERGE,1959,219,deny
1958red,MERGE,1958RED,207,deny
117520,MERGE,117520,119,deny
1959red,MERGE,1959RED,48,deny
1958,MERGE,1958,205,deny
859830red,MERGE,859830RED,17,deny
19331red,MERGE,19331RED,32,deny
257.20,MERGE,257.20,32,deny
257.20red,MERGE,257.20RED,43,deny
11755,MERGE,11755,1,deny
11040,MERGE,11040,13,deny
11730,MERGE,11730,1,deny
19331,MERGE,19331,32,deny
18901,MERGE,18901,33,deny
7546,MERGE,7546,42,deny
11740,MERGE,11740,1,deny
7546red,MERGE,7546RED,17,deny
srb100,MERGE,SRB100,48,deny
11055,MERGE,11055,13,deny
18901red,MERGE,18901RED,33,deny
292.20red,MERGE,292.20RED,40,deny
254.20,MERGE,254.20,46,deny
20601,MERGE,20601,10,deny
294.20red,MERGE,294.20RED,40,deny
98316222,MERGE,98316222,20,deny
19431ared,MERGE,19431ARED,43,deny
11030,MERGE,11030,13,deny
254.20red,MERGE,254.20RED,46,deny
20601red,MERGE,20601RED,10,deny
92082,MERGE,92082,118,deny
94010,MERGE,94010,1,deny
21016,MERGE,21016,71,deny
94011,MERGE,94011,1,deny
94013,MERGE,94013,117,deny
92086,MERGE,92086,1,deny
50012,MERGE,50012,27,deny
99211,MERGE,99211,21,deny
19831red,MERGE,19831RED,52,deny
95830red,MERGE,95830RED,57,deny
95750red,MERGE,95750RED,24,deny
95970red,MERGE,95970RED,1,deny
95630red,MERGE,95630RED,8,deny
91059,MERGE,91059,21,deny
19450red,MERGE,19450RED,3,deny
19457red,MERGE,19457RED,27,deny
95740red,MERGE,95740RED,28,deny
24640red,MERGE,24640RED,85,deny
246.23red,MERGE,246.23RED,185,deny
95840red,MERGE,95840RED,57,deny
95950red,MERGE,95950RED,24,deny
95940red,MERGE,95940RED,29,deny
95770red,MERGE,95770RED,1,deny
95730red,MERGE,95730RED,17,deny
19840red,MERGE,19840RED,15,deny
85940red,MERGE,85940RED,55,deny
19432red,MERGE,19432RED,14,deny
85941red,MERGE,85941RED,55,deny
95920red,MERGE,95920RED,17,deny
97079,MERGE,97079,164,deny
198.23red,MERGE,198.23RED,185,deny
95670red,MERGE,95670RED,12,deny
95640red,MERGE,95640RED,12,deny
19857red,MERGE,19857RED,27,deny
859870red,MERGE,859870RED,10,deny
95850red,MERGE,95850RED,2,deny
859670red,MERGE,859670RED,10,deny
91045,MERGE,91045,12,deny
19440red,MERGE,19440RED,15,deny
95870red,MERGE,95870RED,17,deny
27731red,MERGE,27731RED,14,deny
19850red,MERGE,19850RED,3,deny
27740red,MERGE,27740RED,85,deny
73002,MERGE,73002,12,deny
10033,MERGE,10033,61,deny
91058,MERGE,91058,19,deny
51129,MERGE,51129,8,deny
10035wc,MERGE,10035WC,1,deny
10033wc,MERGE,10033WC,1,deny
100354wc,MERGE,100354WC,1,deny
770837_a,MERGE,770837_A,55,deny
10033ac,MERGE,10033AC,61,deny
100356wc,MERGE,100356WC,1,deny
94094xl,MERGE,94094XL,20,deny
10811,MERGE,10811,1,deny
94094md,MERGE,94094MD,23,deny
94094lg,MERGE,94094LG,87,deny
940942xl,MERGE,940942XL,55,deny
940943xl,MERGE,940943XL,68,deny
94094sm,MERGE,94094SM,30,deny
940962xl,MERGE,940962XL,27,deny
940952xl,MERGE,940952XL,51,deny
94095md,MERGE,94095MD,55,deny
940963xl,MERGE,940963XL,54,deny
940953xl,MERGE,940953XL,39,deny
94095xl,MERGE,94095XL,39,deny
19401a,MERGE,19401A,751,deny
19401ared,MERGE,19401ARED,203,deny
94096md,MERGE,94096MD,31,deny
94095sm,MERGE,94095SM,76,deny
94095lg,MERGE,94095LG,49,deny
94096sm,MERGE,94096SM,31,deny
94096xl,MERGE,94096XL,79,deny
94096lg,MERGE,94096LG,62,deny
770768_z,MERGE,770768_Z,1,deny
770768_y,MERGE,770768_Y,1,deny
49119651,MERGE,49119651,73,deny
501156_a,MERGE,501156_A,76,deny
49119551,MERGE,49119551,62,deny
rc158545g,MERGE,RC158545G,185,deny
rc51-6883g,MERGE,RC51-6883G,113,deny
rc51-6883sl,MERGE,RC51-6883SL,141,deny
rc158545sl,MERGE,RC158545SL,63,deny
44010,MERGE,44010,14,deny
100356,MERGE,100356,30,deny
100356c,MERGE,100356C,30,deny
100354c,MERGE,100354C,7,deny
10035c,MERGE,10035C,37,deny
100354,MERGE,100354,7,deny
10035,MERGE,10035,37,deny
71095,MERGE,71095,1,deny
501156,MERGE,501156,76,deny
73000,MERGE,73000,1,deny
50013,MERGE,50013,125,deny
13003,MERGE,13003,415,deny
f-c11412b,MERGE,F-C11412B,1,deny
f-c11412b-gba,MERGE,F-C11412B-GBA,1,deny
f-c11412b-gan,MERGE,F-C11412B-GAN,1,deny
f-c11412b-gaz,MERGE,F-C11412B-GAZ,1,deny
f-d21011a-psc,MERGE,F-D21011A-PSC,1,deny
f-f11201a-j7,MERGE,F-F11201A-J7,1,deny
f-d21011a-pw7,MERGE,F-D21011A-PW7,1,deny
f-d21011a-pxj,MERGE,F-D21011A-PXJ,1,deny
f-d21011a-ps2,MERGE,F-D21011A-PS2,1,deny
f-d21011a-px8,MERGE,F-D21011A-PX8,1,deny
f-d21011a-rcgb,MERGE,F-D21011A-RCGB,8,deny
f-f11202,MERGE,F-F11202,16,deny
f-f11201a-yz,MERGE,F-F11201A-YZ,1,deny
f-d21011a,MERGE,F-D21011A,33,deny
f-f11202-j7,MERGE,F-F11202-J7,1,deny
51200a,MERGE,51200A,25,deny
51205,MERGE,51205,23,deny
f-f11202-ux,MERGE,F-F11202-UX,1,deny
f-f11202-yz,MERGE,F-F11202-YZ,1,deny
f-f11201a-ux,MERGE,F-F11201A-UX,1,deny
f-f11202-js,MERGE,F-F11202-JS,1,deny
f-f11202-m7,MERGE,F-F11202-M7,1,deny
f-f11201a-js,MERGE,F-F11201A-JS,1,deny
f-d21011a-pau,MERGE,F-D21011A-PAU,1,deny
f-f11201a-m7,MERGE,F-F11201A-M7,1,deny
30840,MERGE,30840,3,deny
30730,MERGE,30730,1,deny
25840,MERGE,25840,23,deny
25830,MERGE,25830,96,deny
30740,MERGE,30740,3,deny
61240,MERGE,61240,1,deny
34340,MERGE,34340,37,deny
10840,MERGE,10840,74,deny
27330,MERGE,27330,148,deny
69540,MERGE,69540,26,deny
37440,MERGE,37440,218,deny
76642,MERGE,76642,81,deny
30440,MERGE,30440,10,deny
27340,MERGE,27340,1,deny
959341,MERGE,959341,210,deny
30830,MERGE,30830,1,deny
93154,MERGE,93154,71,deny
41011a,MERGE,41011A,11,deny
501111,MERGE,501111,145,deny
60431,MERGE,60431,95,deny
501155_a,MERGE,501155_A,48,deny
96004a,MERGE,96004A,41,deny
501168,MERGE,501168,131,deny
24143,MERGE,24143,14,deny
501155,MERGE,501155,48,deny
100345,MERGE,100345,1,deny
23331_a,MERGE,23331_A,230,deny
10034,MERGE,10034,1,deny
100347c,MERGE,100347C,1,deny
10034c,MERGE,10034C,1,deny
71142_a,MERGE,71142_A,23,deny
502050,MERGE,502050,43,deny
100345c,MERGE,100345C,1,deny
41010a,MERGE,41010A,39,deny
44006,MERGE,44006,6,deny
100347,MERGE,100347,1,deny
44007,MERGE,44007,83,deny
49214651,MERGE,49214651,107,deny
49220651,MERGE,49220651,124,deny
51210,MERGE,51210,20,deny
49318650,MERGE,49318650,118,deny
23333_a,MERGE,23333_A,14,deny
51138,MERGE,51138,1,deny
1323,MERGE,1323,2352,deny
501065_a,MERGE,501065_A,163,deny
501165,MERGE,501165,141,deny
51034red,MERGE,51034RED,1,deny
rc09511,MERGE,RC09511,10,deny
51547,MERGE,51547,1,deny
rc09401,MERGE,RC09401,85,deny
794043,MERGE,794043,1,deny
41540,MERGE,41540,18,deny
rc09806,MERGE,RC09806,412,deny
8749270,MERGE,8749270,511,deny
rs186,MERGE,RS186,89,deny
rc09041,MERGE,RC09041,376,deny
99075,MERGE,99075,110,deny
rc09061,MERGE,RC09061,342,deny
41501550a,MERGE,41501550A,46,deny
rc09051a,MERGE,RC09051A,1079,deny
rs208a,MERGE,RS208A,129,deny
70907a,MERGE,70907A,49,deny
rs205a,MERGE,RS205A,130,deny
684043,MERGE,684043,1,deny
684044,MERGE,684044,5,deny
694044,MERGE,694044,6,deny
684053,MERGE,684053,24,deny
684045,MERGE,684045,18,deny
f-f318201-g1,MERGE,F-F318201-G1,6,deny
694045,MERGE,694045,24,deny
694043,MERGE,694043,40,deny
99210,MERGE,99210,200,deny
49320650,MERGE,49320650,23,deny
49320550,MERGE,49320550,247,deny
49319550,MERGE,49319550,14,deny
10006wc,MERGE,10006WC,1,deny
10029wc,MERGE,10029WC,1,deny
100064wc,MERGE,100064WC,1,deny
10011wc,MERGE,10011WC,1,deny
10009wc,MERGE,10009WC,1,deny
10023wc,MERGE,10023WC,1,deny
10007wc,MERGE,10007WC,1,deny
100054wc,MERGE,100054WC,1,deny
10020wc,MERGE,10020WC,1,deny
100116wc,MERGE,100116WC,1,deny
10032wc,MERGE,10032WC,1,deny
100324wc,MERGE,100324WC,1,deny
100326wc,MERGE,100326WC,1,deny
10024wc,MERGE,10024WC,1,deny
10005wc,MERGE,10005WC,1,deny
100056wc,MERGE,100056WC,1,deny
100074wc,MERGE,100074WC,1,deny
10017wc,MERGE,10017WC,1,deny
10008wc,MERGE,10008WC,1,deny
23141_p,MERGE,23141_P,3126,deny
73220,MERGE,73220,50,deny
21015,MERGE,21015,48,deny
23220_p,MERGE,23220_P,756,deny
70330_a,MERGE,70330_A,3,deny
770738_p,MERGE,770738_P,273,deny
75008,MERGE,75008,33,deny
770782_p,MERGE,770782_P,234,deny
73830,MERGE,73830,19,deny
73831,MERGE,73831,7,deny
501160,MERGE,501160,135,deny
74131,MERGE,74131,31,deny
501151,MERGE,501151,74,deny
74130,MERGE,74130,38,deny
73212,MERGE,73212,524,deny
73219,MERGE,73219,152,deny
psr050205,MERGE,PSR050205,16,deny
99062a,MERGE,99062A,929,deny
rs177b,MERGE,RS177B,165,deny
rs177r,MERGE,RS177R,203,deny
psr91310,MERGE,PSR91310,83,deny
psr50110,MERGE,PSR50110,1,deny
70086,MERGE,70086,1,deny
91056a,MERGE,91056A,1,deny
11017,MERGE,11017,4,deny
99048,MERGE,99048,24,deny
f-c11413a-gaz,MERGE,F-C11413A-GAZ,1,deny
f-c11413a-gan,MERGE,F-C11413A-GAN,1,deny
52006,MERGE,52006,10,deny
f-c11413a-gba,MERGE,F-C11413A-GBA,32,deny
502166_a,MERGE,502166_A,47,deny
502166,MERGE,502166,47,deny
f-f318201-uh,MERGE,F-F318201-UH,1,deny
f-f318201,MERGE,F-F318201,1,deny
10812,MERGE,10812,26,deny
f-c12011a-gb8,MERGE,F-C12011A-GB8,1,deny
f-f318201-ux,MERGE,F-F318201-UX,1,deny
f-f318201-yz,MERGE,F-F318201-YZ,1,deny
f-f318201-z1,MERGE,F-F318201-Z1,1,deny
689052,MERGE,689052,19,deny
70718bldrla,MERGE,70718BLDRLA,24,deny
f-c11511a-gan,MERGE,F-C11511A-GAN,1,deny
70720bldrla,MERGE,70720BLDRLA,102,deny
70712bldrla,MERGE,70712BLDRLA,68,deny
f-c11511a-gba,MERGE,F-C11511A-GBA,1,deny
f-c11511a-gaz,MERGE,F-C11511A-GAZ,1,deny
99059,MERGE,99059,35,deny
88000_b,MERGE,88000_B,1142,deny
f-c11511a-g9k,MERGE,F-C11511A-G9K,1,deny
501166_a,MERGE,501166_A,74,deny
501166,MERGE,501166,74,deny
73214,MERGE,73214,848,deny
99045,MERGE,99045,74,deny
43771,MERGE,43771,1,deny
43740,MERGE,43740,1,deny
43741,MERGE,43741,1,deny
43770,MERGE,43770,1,deny
43750,MERGE,43750,1,deny
99046,MERGE,99046,12,deny
43850,MERGE,43850,11,deny
43840,MERGE,43840,11,deny
43841,MERGE,43841,7,deny
44140,MERGE,44140,11,deny
44141,MERGE,44141,7,deny
43971,MERGE,43971,1,deny
43970,MERGE,43970,1,deny
43951,MERGE,43951,1,deny
43950,MERGE,43950,1,deny
43941,MERGE,43941,1,deny
43940,MERGE,43940,1,deny
44150,MERGE,44150,11,deny
43751,MERGE,43751,1,deny
44151,MERGE,44151,7,deny
44170,MERGE,44170,12,deny
44171,MERGE,44171,7,deny
43870,MERGE,43870,12,deny
43851,MERGE,43851,7,deny
43871,MERGE,43871,7,deny
70078,MERGE,70078,64,deny
100324,MERGE,100324,1,deny
10032,MERGE,10032,1,deny
70084,MERGE,70084,60,deny
rc09605,MERGE,RC09605,66,deny
100326c,MERGE,100326C,1,deny
100326,MERGE,100326,1,deny
70082,MERGE,70082,54,deny
70081,MERGE,70081,64,deny
70080,MERGE,70080,64,deny
100324c,MERGE,100324C,1,deny
10032c,MERGE,10032C,1,deny
70083,MERGE,70083,1,deny
70079,MERGE,70079,64,deny
71087,MERGE,71087,181,deny
71093,MERGE,71093,71,deny
71092,MERGE,71092,1,deny
71091,MERGE,71091,54,deny
71090,MERGE,71090,181,deny
71089,MERGE,71089,169,deny
71088,MERGE,71088,181,deny
psr70911,MERGE,PSR70911,97,deny
502161_a,MERGE,502161_A,95,deny
51034,MERGE,51034,36,deny
psr71529,MERGE,PSR71529,9,deny
10021wc,MERGE,10021WC,1,deny
f-c11911a-gb8,MERGE,F-C11911A-GB8,1,deny
psr51518,MERGE,PSR51518,172,deny
51027,MERGE,51027,3,deny
psr9015,MERGE,PSR9015,101,deny
f-c319201a-gb8,MERGE,F-C319201A-GB8,1,deny
91049,MERGE,91049,7,deny
psr71525,MERGE,PSR71525,60,deny
psr71520,MERGE,PSR71520,60,deny
psr9010,MERGE,PSR9010,523,deny
psr51523,MERGE,PSR51523,89,deny
a-c12211-gb8,MERGE,A-C12211-GB8,1,deny
41100,MERGE,41100,28,deny
770858_a,MERGE,770858_A,219,deny
91054,MERGE,91054,52,deny
51083,MERGE,51083,26,deny
f-g12011a-gb8,MERGE,F-G12011A-GB8,1,deny
f-f21112-m7,MERGE,F-F21112-M7,1,deny
f-f21112-j7,MERGE,F-F21112-J7,1,deny
70708,MERGE,70708,490,deny
44131,MERGE,44131,7,deny
43831,MERGE,43831,7,deny
43830,MERGE,43830,12,deny
44130,MERGE,44130,12,deny
43930,MERGE,43930,1,deny
43931,MERGE,43931,1,deny
99047,MERGE,99047,145,deny
43731,MERGE,43731,1,deny
43730,MERGE,43730,1,deny
f-f315110-yz,MERGE,F-F315110-YZ,1,deny
f-f315110-z1,MERGE,F-F315110-Z1,1,deny
f-f315110-uh,MERGE,F-F315110-UH,1,deny
f-f11612a-js,MERGE,F-F11612A-JS,1,deny
f-f11612a-m7,MERGE,F-F11612A-M7,1,deny
f-f11612a-yz,MERGE,F-F11612A-YZ,1,deny
f-f315110-ux,MERGE,F-F315110-UX,1,deny
f-f315110,MERGE,F-F315110,14,deny
f-f315110-g1,MERGE,F-F315110-G1,10,deny
f-f20231,MERGE,F-F20231,45,deny
f-f20231-js,MERGE,F-F20231-JS,1,deny
f-n101705a-qak,MERGE,F-N101705A-QAK,1,deny
f-n101705a-g41,MERGE,F-N101705A-G41,1,deny
f-n101705a-k23,MERGE,F-N101705A-K23,1,deny
f-n101705a-kad,MERGE,F-N101705A-KAD,1,deny
f-f20231-yz,MERGE,F-F20231-YZ,1,deny
f-f20231-um,MERGE,F-F20231-UM,1,deny
f-n101705a-kh3,MERGE,F-N101705A-KH3,1,deny
92078,MERGE,92078,56,deny
92079,MERGE,92079,56,deny
91055,MERGE,91055,273,deny
99073,MERGE,99073,11,deny
rc09241,MERGE,RC09241,96,deny
51134,MERGE,51134,529,deny
f-n101705a-rcgb,MERGE,F-N101705A-RCGB,7,deny
f-n101705a,MERGE,F-N101705A,39,deny
43440,MERGE,43440,1,deny
699044,MERGE,699044,19,deny
10106,MERGE,10106,1,deny
43640,MERGE,43640,1,deny
43630,MERGE,43630,1,deny
43670,MERGE,43670,1,deny
10105,MERGE,10105,22,deny
rs182,MERGE,RS182,288,deny
rs185,MERGE,RS185,214,deny
rc09021,MERGE,RC09021,54,deny
49520551a,MERGE,49520551A,130,deny
49113551,MERGE,49113551,61,deny
49214550,MERGE,49214550,1,deny
49620500,MERGE,49620500,318,deny
49520501,MERGE,49520501,35,deny
49120650,MERGE,49120650,137,deny
49120500,MERGE,49120500,200,deny
49514551,MERGE,49514551,365,deny
49420600,MERGE,49420600,92,deny
49214650,MERGE,49214650,12,deny
49420500,MERGE,49420500,334,deny
49220500,MERGE,49220500,49,deny
49415600,MERGE,49415600,7,deny
49415500,MERGE,49415500,79,deny
49414551,MERGE,49414551,77,deny
49120580,MERGE,49120580,885,deny
49120600,MERGE,49120600,27,deny
49254500,MERGE,49254500,372,deny
43470,MERGE,43470,1,deny
43430,MERGE,43430,6,deny
rc09001,MERGE,RC09001,43,deny
f-t11411a-1g3,MERGE,F-T11411A-1G3,1,deny
f-t11411a-218,MERGE,F-T11411A-218,1,deny
f-t11411a-o89,MERGE,F-T11411A-O89,1,deny
psr61920,MERGE,PSR61920,202,deny
f-t11411a-1d6,MERGE,F-T11411A-1D6,1,deny
rc09705,MERGE,RC09705,32,deny
f-t11411a-o40,MERGE,F-T11411A-O40,1,deny
psr51925,MERGE,PSR51925,101,deny
psr51920,MERGE,PSR51920,753,deny
rs183,MERGE,RS183,63,deny
99071,MERGE,99071,315,deny
99067,MERGE,99067,512,deny
99072,MERGE,99072,59,deny
99069,MERGE,99069,66,deny
99068,MERGE,99068,22,deny
99070,MERGE,99070,87,deny
rs180,MERGE,RS180,264,deny
689049,MERGE,689049,126,deny
13002,MERGE,13002,62,deny
a-t11621-1g3,MERGE,A-T11621-1G3,1,deny
f-t11413-1g3,MERGE,F-T11413-1G3,1,deny
f-t11621a-1g3,MERGE,F-T11621A-1G3,1,deny
791005,MERGE,791005,41,deny
791003,MERGE,791003,3,deny
91053,MERGE,91053,19,deny
789005,MERGE,789005,82,deny
789006,MERGE,789006,41,deny
97075,MERGE,97075,13,deny
13000,MERGE,13000,239,deny
13100,MERGE,13100,291,deny
689029,MERGE,689029,24,deny
51122,MERGE,51122,15,deny
789004,MERGE,789004,3,deny
f-f10911a-ux,MERGE,F-F10911A-UX,1,deny
789003,MERGE,789003,8,deny
f-f10911a-yz,MERGE,F-F10911A-YZ,1,deny
f-f10911a-uh,MERGE,F-F10911A-UH,1,deny
f-f10911a,MERGE,F-F10911A,14,deny
770857_a,MERGE,770857_A,6,deny
770857_e,MERGE,770857_E,6,deny
770857_f,MERGE,770857_F,6,deny
770857_rc,MERGE,770857_RC,6,deny
73200,MERGE,73200,1,deny
60700,MERGE,60700,70,deny
rc02820box,MERGE,RC02820BOX,339,deny
770800_d,MERGE,770800_D,346,deny
770790_d,MERGE,770790_D,41,deny
770823_b,MERGE,770823_B,97,deny
770800_f,MERGE,770800_F,346,deny
770801_b,MERGE,770801_B,117,deny
770823_a,MERGE,770823_A,97,deny
770815_h,MERGE,770815_H,47,deny
770833_d,MERGE,770833_D,87,deny
770810_a,MERGE,770810_A,10,deny
770790_e,MERGE,770790_E,41,deny
770761_b,MERGE,770761_B,58,deny
770783_d,MERGE,770783_D,218,deny
770757_j,MERGE,770757_J,56,deny
770754_i,MERGE,770754_I,42,deny
770761_a,MERGE,770761_A,58,deny
770761_c,MERGE,770761_C,58,deny
770761_h,MERGE,770761_H,58,deny
770761_i,MERGE,770761_I,58,deny
770761_j,MERGE,770761_J,58,deny
770761_l,MERGE,770761_L,58,deny
770753_g,MERGE,770753_G,82,deny
770761_m,MERGE,770761_M,58,deny
770751_b,MERGE,770751_B,301,deny
770761_o,MERGE,770761_O,58,deny
770761_q,MERGE,770761_Q,58,deny
770763_c,MERGE,770763_C,177,deny
770761_n,MERGE,770761_N,58,deny
770744_r,MERGE,770744_R,124,deny
770783_i,MERGE,770783_I,218,deny
770783_k,MERGE,770783_K,218,deny
770783_j,MERGE,770783_J,218,deny
770757_h,MERGE,770757_H,56,deny
f-f11811a,MERGE,F-F11811A,21,deny
f-f11811a-um,MERGE,F-F11811A-UM,1,deny
f-f11811a-yz,MERGE,F-F11811A-YZ,1,deny
f-f11811a-ux,MERGE,F-F11811A-UX,1,deny
75900,MERGE,75900,7,deny
71110,MERGE,71110,18,deny
10029,MERGE,10029,1,deny
10029c,MERGE,10029C,1,deny
91051,MERGE,91051,1,deny
41007a,MERGE,41007A,24,deny
41005a,MERGE,41005A,51,deny
41009a,MERGE,41009A,11,deny
99066,MERGE,99066,1576,deny
71041,MERGE,71041,1,deny
82043,MERGE,82043,52,deny
82041,MERGE,82041,1,deny
71039,MERGE,71039,41,deny
71043,MERGE,71043,52,deny
82039,MERGE,82039,1,deny
41008a,MERGE,41008A,20,deny
90300,MERGE,90300,8,deny
90331,MERGE,90331,5,deny
501124,MERGE,501124,15,deny
501123,MERGE,501123,5,deny
f-d10911b,MERGE,F-D10911B,32,deny
f-d10911b-px8,MERGE,F-D10911B-PX8,15,deny
f-d10911b-ps2,MERGE,F-D10911B-PS2,1,deny
381001,MERGE,381001,1,deny
311001a,MERGE,311001A,1,deny
311002,MERGE,311002,201,deny
f-d10911b-pau,MERGE,F-D10911B-PAU,1,deny
rcm689,MERGE,RCM689,279,deny
f-d10911b-gw7,MERGE,F-D10911B-GW7,1,deny
93157,MERGE,93157,2,deny
93156,MERGE,93156,2,deny
93153,MERGE,93153,2,deny
80054,MERGE,80054,1,deny
81064,MERGE,81064,42,deny
82071,MERGE,82071,64,deny
82059,MERGE,82059,4,deny
82047,MERGE,82047,70,deny
80057,MERGE,80057,18,deny
80052,MERGE,80052,60,deny
80815,MERGE,80815,3,deny
80841,MERGE,80841,74,deny
81080,MERGE,81080,74,deny
80786,MERGE,80786,44,deny
80503,MERGE,80503,1,deny
80069,MERGE,80069,1,deny
80568,MERGE,80568,6,deny
80588,MERGE,80588,32,deny
82028,MERGE,82028,74,deny
82036,MERGE,82036,3,deny
80657,MERGE,80657,1,deny
80665,MERGE,80665,41,deny
80668,MERGE,80668,1,deny
80062,MERGE,80062,67,deny
80065,MERGE,80065,31,deny
80773,MERGE,80773,52,deny
80504,MERGE,80504,1,deny
80779,MERGE,80779,50,deny
80796,MERGE,80796,74,deny
10653,MERGE,10653,14,deny
51039,MERGE,51039,1,deny
51119,MERGE,51119,57,deny
51127,MERGE,51127,57,deny
57530_a,MERGE,57530_A,1,deny
f-c12211-gan,MERGE,F-C12211-GAN,1,deny
f-c12211-gaz,MERGE,F-C12211-GAZ,1,deny
f-c12211-gba,MERGE,F-C12211-GBA,14,deny
f-c12211,MERGE,F-C12211,16,deny
992261,MERGE,992261,175,deny
f-c12011a-gaz,MERGE,F-C12011A-GAZ,1,deny
75440,MERGE,75440,16,deny
f-t11411a-202,MERGE,F-T11411A-202,1,deny
992250,MERGE,992250,1,deny
992260,MERGE,992260,77,deny
f-c12011a-gan,MERGE,F-C12011A-GAN,1,deny
992282,MERGE,992282,74,deny
502017,MERGE,502017,35,deny
f-c12011a-gba,MERGE,F-C12011A-GBA,21,deny
f-t11411a,MERGE,F-T11411A,17,deny
f-c12011a,MERGE,F-C12011A,70,deny
73115,MERGE,73115,4,deny
73109,MERGE,73109,10,deny
75240,MERGE,75240,13,deny
99001,MERGE,99001,18,deny
97028,MERGE,97028,107,deny
93036,MERGE,93036,59,deny
71152,MERGE,71152,9,deny
97016,MERGE,97016,85,deny
71150,MERGE,71150,15,deny
92055,MERGE,92055,330,deny
92068,MERGE,92068,107,deny
92069,MERGE,92069,330,deny
92071,MERGE,92071,85,deny
92066,MERGE,92066,59,deny
92072,MERGE,92072,18,deny
92065,MERGE,92065,59,deny
92075,MERGE,92075,18,deny
92074,MERGE,92074,18,deny
92073,MERGE,92073,18,deny
93140,MERGE,93140,7,deny
11201,MERGE,11201,145,deny
92064,MERGE,92064,7,deny
92063,MERGE,92063,7,deny
92062,MERGE,92062,1,deny
92061,MERGE,92061,1,deny
92029,MERGE,92029,1,deny
71800,MERGE,71800,3,deny
71230,MERGE,71230,1,deny
71144a,MERGE,71144A,1,deny
11657,MERGE,11657,1,deny
11650,MERGE,11650,1,deny
11640,MERGE,11640,1,deny
11633,MERGE,11633,1,deny
70430,MERGE,70430,16,deny
51125,MERGE,51125,11,deny
92200912,MERGE,92200912,109,deny
92181812,MERGE,92181812,64,deny
502070,MERGE,502070,82,deny
89200912,MERGE,89200912,23,deny
92200914,MERGE,92200914,133,deny
92180914,MERGE,92180914,27,deny
96200912,MERGE,96200912,3,deny
54440,MERGE,54440,1,deny
m-81715,MERGE,M-81715,66,deny
92180912,MERGE,92180912,136,deny
97076,MERGE,97076,6,deny
f-c10714b-gba,MERGE,F-C10714B-GBA,1,deny
f-c10714b,MERGE,F-C10714B,10,deny
f-c10714b-gaz,MERGE,F-C10714B-GAZ,1,deny
f-c10714b-gan,MERGE,F-C10714B-GAN,1,deny
502088,MERGE,502088,8,deny
502089,MERGE,502089,104,deny
502091,MERGE,502091,68,deny
75040,MERGE,75040,68,deny
502032,MERGE,502032,84,deny
502055,MERGE,502055,107,deny
psr621510,MERGE,PSR621510,1,deny
57541,MERGE,57541,1,deny
a-d10914-jsc,MERGE,A-D10914-JSC,1,deny
a-d10914-gw7,MERGE,A-D10914-GW7,1,deny
a-d10914-dx8,MERGE,A-D10914-DX8,1,deny
a-d10914-pxj,MERGE,A-D10914-PXJ,1,deny
26631d,MERGE,26631D,1,deny
f-d10914a-pxq,MERGE,F-D10914A-PXQ,1,deny
f-d10914a-pxj,MERGE,F-D10914A-PXJ,1,deny
f-d10914a,MERGE,F-D10914A,37,deny
f-d10914a-px8,MERGE,F-D10914A-PX8,20,deny
f-d10914a-pau,MERGE,F-D10914A-PAU,1,deny
f-d10914a-pw7,MERGE,F-D10914A-PW7,1,deny
f-d10914a-psc,MERGE,F-D10914A-PSC,1,deny
f-d10914a-ps2,MERGE,F-D10914A-PS2,1,deny
96020,MERGE,96020,72,deny
psr652110a,MERGE,PSR652110A,68,deny
22641,MERGE,22641,1,deny
22740,MERGE,22740,1,deny
26340,MERGE,26340,29,deny
psr610530,MERGE,PSR610530,1,deny
26440,MERGE,26440,75,deny
59840,MERGE,59840,1,deny
psr51230,MERGE,PSR51230,152,deny
psr51330,MERGE,PSR51330,1,deny
psr61030,MERGE,PSR61030,1,deny
psr610430,MERGE,PSR610430,1,deny
28857,MERGE,28857,1,deny
m-71313,MERGE,M-71313,23,deny
28830,MERGE,28830,1,deny
28831,MERGE,28831,1,deny
8730170,MERGE,8730170,279,deny
28850,MERGE,28850,1,deny
28840,MERGE,28840,1,deny
f-c319201a-gaz,MERGE,F-C319201A-GAZ,1,deny
f-c319201a-gba,MERGE,F-C319201A-GBA,1,deny
f-g12011a-gba,MERGE,F-G12011A-GBA,1,deny
f-g12011a-gaz,MERGE,F-G12011A-GAZ,1,deny
f-g12011a-gan,MERGE,F-G12011A-GAN,1,deny
f-c319201a,MERGE,F-C319201A,43,deny
f-t11413-1j9,MERGE,F-T11413-1J9,1,deny
f-g12011a,MERGE,F-G12011A,12,deny
f-c319201a-gan,MERGE,F-C319201A-GAN,1,deny
f-t11621a-o40,MERGE,F-T11621A-O40,1,deny
f-t11413-218,MERGE,F-T11413-218,1,deny
f-t11413-o40,MERGE,F-T11413-O40,1,deny
f-c11950a-gan,MERGE,F-C11950A-GAN,1,deny
f-f20911b-js,MERGE,F-F20911B-JS,1,deny
f-f20911b-um,MERGE,F-F20911B-UM,1,deny
f-f20911b-yz,MERGE,F-F20911B-YZ,1,deny
f-c11950a-gaz,MERGE,F-C11950A-GAZ,1,deny
s-t42211-o40,MERGE,S-T42211-O40,1,deny
s-t42211-218,MERGE,S-T42211-218,1,deny
s-t42211-1j9,MERGE,S-T42211-1J9,1,deny
f-c11950a-gba,MERGE,F-C11950A-GBA,15,deny
a-t11411-202,MERGE,A-T11411-202,8,deny
f-t11621a-218,MERGE,F-T11621A-218,1,deny
f-t11621a-202,MERGE,F-T11621A-202,10,deny
f-t11621a-1j9,MERGE,F-T11621A-1J9,1,deny
f-t11621a-1d6,MERGE,F-T11621A-1D6,1,deny
f-c11911a-gan,MERGE,F-C11911A-GAN,1,deny
f-c11911a-gaz,MERGE,F-C11911A-GAZ,1,deny
26631,MERGE,26631,1,deny
26650,MERGE,26650,1,deny
26657,MERGE,26657,1,deny
f-d10917a-psc,MERGE,F-D10917A-PSC,1,deny
26632,MERGE,26632,1,deny
f-d10917a-ps2,MERGE,F-D10917A-PS2,1,deny
a-c12211-gba,MERGE,A-C12211-GBA,1,deny
71085,MERGE,71085,1,deny
71151,MERGE,71151,1,deny
f-d10917a-pxq,MERGE,F-D10917A-PXQ,1,deny
f-d10917a-pxj,MERGE,F-D10917A-PXJ,1,deny
f-d10917a-pw7,MERGE,F-D10917A-PW7,1,deny
a-c12211-gaz,MERGE,A-C12211-GAZ,1,deny
a-c12211-gan,MERGE,A-C12211-GAN,1,deny
f-d10917a-pau,MERGE,F-D10917A-PAU,1,deny
10652,MERGE,10652,57,deny
72003,MERGE,72003,19,deny
93147,MERGE,93147,17,deny
72004,MERGE,72004,19,deny
rcm688,MERGE,RCM688,536,deny
f-f320210a-ux,MERGE,F-F320210A-UX,1,deny
f-f320210a-um,MERGE,F-F320210A-UM,1,deny
f-f320210a-rcgb,MERGE,F-F320210A-RCGB,19,deny
f-f320210a,MERGE,F-F320210A,1,deny
f-f320210a-yz,MERGE,F-F320210A-YZ,1,deny
23640,MERGE,23640,8,deny
71081,MERGE,71081,180,deny
71080,MERGE,71080,180,deny
71084,MERGE,71084,54,deny
71083,MERGE,71083,180,deny
71082,MERGE,71082,167,deny
8730130,MERGE,8730130,69,deny
73114,MERGE,73114,4,deny
41805522a,MERGE,41805522A,114,deny
a-f11811-uh,MERGE,A-F11811-UH,1,deny
a-f11811-ux,MERGE,A-F11811-UX,1,deny
90048,MERGE,90048,89,deny
a-f11811-yz,MERGE,A-F11811-YZ,1,deny
f-d319201-jsc,MERGE,F-D319201-JSC,1,deny
a-f11811-z1,MERGE,A-F11811-Z1,1,deny
f-d319201-gw7,MERGE,F-D319201-GW7,1,deny
f-d319201-pxj,MERGE,F-D319201-PXJ,1,deny
a-f11811-g1,MERGE,A-F11811-G1,14,deny
90049,MERGE,90049,6,deny
f-d319201-dx8,MERGE,F-D319201-DX8,11,deny
51124,MERGE,51124,2,deny
a-f11811,MERGE,A-F11811,48,deny
51123,MERGE,51123,2,deny
60600,MERGE,60600,11,deny
f-d319201,MERGE,F-D319201,59,deny
99209,MERGE,99209,49,deny
f-t11621a,MERGE,F-T11621A,26,deny
f-d10917a,MERGE,F-D10917A,71,deny
m-51632,MERGE,M-51632,111,deny
51121,MERGE,51121,42,deny
6540p3box,MERGE,6540P3BOX,1828,deny
80950,MERGE,80950,1,deny
80930,MERGE,80930,47,deny
80712,MERGE,80712,16,deny
80920,MERGE,80920,137,deny
80903,MERGE,80903,74,deny
80803,MERGE,80803,65,deny
80750,MERGE,80750,80,deny
80740,MERGE,80740,1,deny
80730,MERGE,80730,1,deny
80720,MERGE,80720,6,deny
f-t11413,MERGE,F-T11413,57,deny
f-f20911b,MERGE,F-F20911B,2,deny
f-c11950a,MERGE,F-C11950A,51,deny
10917,MERGE,10917,236,deny
73211,MERGE,73211,140,deny
51120,MERGE,51120,15,deny
m-51515,MERGE,M-51515,194,deny
51031,MERGE,51031,7,deny
99058,MERGE,99058,115,deny
591141,MERGE,591141,1,deny
592141,MERGE,592141,60,deny
502141,MERGE,502141,62,deny
41450,MERGE,41450,9,deny
41440,MERGE,41440,46,deny
41431,MERGE,41431,45,deny
41457,MERGE,41457,53,deny
s-t42211,MERGE,S-T42211,35,deny
s-t42211-rcgb,MERGE,S-T42211-RCGB,9,deny
41430,MERGE,41430,28,deny
97038,MERGE,97038,8,deny
97040,MERGE,97040,1,deny
97037,MERGE,97037,8,deny
502139,MERGE,502139,158,deny
502150,MERGE,502150,49,deny
502066,MERGE,502066,8,deny
502060,MERGE,502060,60,deny
76640,MERGE,76640,164,deny
22640,MERGE,22640,1,deny
87170912b,MERGE,87170912B,11,deny
87170912g,MERGE,87170912G,47,deny
31014,MERGE,31014,9,deny
74540,MERGE,74540,158,deny
29540,MERGE,29540,1,deny
93121,MERGE,93121,2,deny
a-c12211,MERGE,A-C12211,5,deny
10025red,MERGE,10025RED,70,deny
10026red,MERGE,10026RED,9,deny
70330,MERGE,70330,3,deny
10026,MERGE,10026,39,deny
10025,MERGE,10025,112,deny
28250,MERGE,28250,1,deny
28257,MERGE,28257,1,deny
28230,MERGE,28230,1,deny
28231,MERGE,28231,1,deny
96019,MERGE,96019,158,deny
502142,MERGE,502142,111,deny
99060,MERGE,99060,627,deny
23326_b,MERGE,23326_B,76,deny
23326_a,MERGE,23326_A,76,deny
70802,MERGE,70802,117,deny
760837_a,MERGE,760837_A,93,deny
21640,MERGE,21640,1,deny
21657,MERGE,21657,1,deny
21650,MERGE,21650,1,deny
21630d,MERGE,21630D,1,deny
21631,MERGE,21631,1,deny
71231,MERGE,71231,6,deny
71240,MERGE,71240,20,deny
21630,MERGE,21630,1,deny
33940,MERGE,33940,4,deny
22840,MERGE,22840,8,deny
520b33,MERGE,520B33,66,deny
52033,MERGE,52033,49,deny
33440,MERGE,33440,4,deny
31240,MERGE,31240,1,deny
75840,MERGE,75840,68,deny
31440,MERGE,31440,1,deny
55740,MERGE,55740,1,deny
46533,MERGE,46533,45,deny
465b33,MERGE,465B33,60,deny
17440,MERGE,17440,8,deny
33240,MERGE,33240,19,deny
77140,MERGE,77140,15,deny
j5054,MERGE,J5054,199,deny
57540,MERGE,57540,1,deny
502003,MERGE,502003,29,deny
502062,MERGE,502062,61,deny
502086,MERGE,502086,160,deny
96018,MERGE,96018,12,deny
502013,MERGE,502013,45,deny
502098,MERGE,502098,1,deny
502077,MERGE,502077,43,deny
502101,MERGE,502101,164,deny
79240,MERGE,79240,25,deny
79230,MERGE,79230,25,deny
10475pf,MERGE,10475PF,28,deny
10475,MERGE,10475,28,deny
n218-590,MERGE,N218-590,30,deny
n218-810,MERGE,N218-810,54,deny
89170918,MERGE,89170918,62,deny
89170913,MERGE,89170913,48,deny
89170912,MERGE,89170912,16,deny
502087,MERGE,502087,87,deny
502052,MERGE,502052,1,deny
502080,MERGE,502080,102,deny
502126,MERGE,502126,38,deny
51113,MERGE,51113,72,deny
502067,MERGE,502067,59,deny
21740,MERGE,21740,1,deny
502026,MERGE,502026,19,deny
27540,MERGE,27540,1,deny
70350,MERGE,70350,1,deny
502065,MERGE,502065,83,deny
502035,MERGE,502035,150,deny
18740,MERGE,18740,16,deny
29840,MERGE,29840,1,deny
f-c11911a,MERGE,F-C11911A,41,deny
23740,MERGE,23740,25,deny
70805b,MERGE,70805B,101,deny
50341,MERGE,50341,1,deny
52641,MERGE,52641,1,deny
50741,MERGE,50741,1,deny
50641,MERGE,50641,7,deny
55041,MERGE,55041,7,deny
50441,MERGE,50441,1,deny
50841,MERGE,50841,7,deny
55941,MERGE,55941,1,deny
56041,MERGE,56041,7,deny
51341,MERGE,51341,1,deny
51741,MERGE,51741,1,deny
770856_b,MERGE,770856_B,48,deny
770856_a,MERGE,770856_A,48,deny
770760_a,MERGE,770760_A,101,deny
49440,MERGE,49440,29,deny
770789_f,MERGE,770789_F,119,deny
770833_a,MERGE,770833_A,87,deny
770789_h,MERGE,770789_H,119,deny
770789_g,MERGE,770789_G,119,deny
770800_i,MERGE,770800_I,346,deny
770789_i,MERGE,770789_I,119,deny
770800_b,MERGE,770800_B,346,deny
770834_a,MERGE,770834_A,129,deny
770789_c,MERGE,770789_C,119,deny
770838_a,MERGE,770838_A,12,deny
770789_a,MERGE,770789_A,119,deny
91050,MERGE,91050,27,deny
76731,MERGE,76731,84,deny
rs173,MERGE,RS173,1,deny
64940,MERGE,64940,21,deny
76744,MERGE,76744,48,deny
76840,MERGE,76840,2,deny
71250,MERGE,71250,5,deny
63740,MERGE,63740,21,deny
7598,MERGE,7598,100,deny
56240,MERGE,56240,16,deny
92057,MERGE,92057,1,deny
rs1,MERGE,RS1,80,deny
23940,MERGE,23940,6,deny
23240,MERGE,23240,6,deny
37741,MERGE,37741,203,deny
27240,MERGE,27240,10,deny
28040,MERGE,28040,12,deny
48940,MERGE,48940,81,deny
689050,MERGE,689050,28,deny
861,MERGE,861,1,deny
31940,MERGE,31940,49,deny
31840,MERGE,31840,45,deny
30240,MERGE,30240,186,deny
27940,MERGE,27940,10,deny
31902,MERGE,31902,7,deny
10018,MERGE,10018,172,deny
99034,MERGE,99034,1379,deny
84099md,MERGE,84099MD,23,deny
840992xl,MERGE,840992XL,28,deny
840993xl,MERGE,840993XL,22,deny
84099lg,MERGE,84099LG,28,deny
84099sm,MERGE,84099SM,72,deny
84099xl,MERGE,84099XL,92,deny
80530,MERGE,80530,2,deny
50240,MERGE,50240,7,deny
51240,MERGE,51240,1,deny
780.20,MERGE,780.20,16,deny
51340,MERGE,51340,1,deny
56040,MERGE,56040,7,deny
50840,MERGE,50840,7,deny
55940,MERGE,55940,12,deny
51740,MERGE,51740,1,deny
50740,MERGE,50740,1,deny
50640,MERGE,50640,15,deny
55840,MERGE,55840,1,deny
55640,MERGE,55640,1,deny
55440,MERGE,55440,1,deny
50440,MERGE,50440,1,deny
55040,MERGE,55040,15,deny
52640,MERGE,52640,1,deny
50340,MERGE,50340,1,deny
95640,MERGE,95640,12,deny
95840,MERGE,95840,57,deny
7579,MERGE,7579,99,deny
709usb,MERGE,709USB,689,deny
7674,MERGE,7674,26,deny
39240,MERGE,39240,1,deny
39140,MERGE,39140,1,deny
26040,MERGE,26040,1,deny
25340,MERGE,25340,2,deny
70504bldrl,MERGE,70504BLDRL,42,deny
66840,MERGE,66840,27,deny
10240,MERGE,10240,34,deny
10140,MERGE,10140,1,deny
770806_a,MERGE,770806_A,128,deny
770804_a,MERGE,770804_A,62,deny
770795_a,MERGE,770795_A,241,deny
770757_a,MERGE,770757_A,56,deny
770757_f,MERGE,770757_F,56,deny
770757_e,MERGE,770757_E,56,deny
770807_a,MERGE,770807_A,144,deny
770757_g,MERGE,770757_G,56,deny
770776_a,MERGE,770776_A,43,deny
770767_c,MERGE,770767_C,90,deny
770767_b,MERGE,770767_B,90,deny
770767_a,MERGE,770767_A,90,deny
770806_b,MERGE,770806_B,128,deny
770805_b,MERGE,770805_B,33,deny
770832_a,MERGE,770832_A,169,deny
501147,MERGE,501147,63,deny
31902red,MERGE,31902RED,43,deny
10018red,MERGE,10018RED,116,deny
51089,MERGE,51089,34,deny
51116,MERGE,51116,104,deny
770766_f,MERGE,770766_F,6,deny
770766_rc,MERGE,770766_RC,6,deny
51110,MERGE,51110,104,deny
51111,MERGE,51111,1,deny
51112,MERGE,51112,1,deny
51114,MERGE,51114,54,deny
51115,MERGE,51115,27,deny
770766_e,MERGE,770766_E,6,deny
51117,MERGE,51117,104,deny
51118,MERGE,51118,104,deny
501149,MERGE,501149,44,deny
a-t11621,MERGE,A-T11621,35,deny
a-t11621-202,MERGE,A-T11621-202,4,deny
a-t11621-218,MERGE,A-T11621-218,1,deny
770766_d,MERGE,770766_D,286,deny
770766_c,MERGE,770766_C,286,deny
50221,MERGE,50221,21,deny
a-t11621-1d6,MERGE,A-T11621-1D6,1,deny
a-t11621-o4o,MERGE,A-T11621-O4O,1,deny
770766_b,MERGE,770766_B,286,deny
770766_a,MERGE,770766_A,286,deny
50272,MERGE,50272,1,deny
50241,MERGE,50241,21,deny
50242,MERGE,50242,1,deny
50222,MERGE,50222,1,deny
50271,MERGE,50271,1,deny
a-t11621-1j9,MERGE,A-T11621-1J9,1,deny
73110,MERGE,73110,1,deny
36840,MERGE,36840,27,deny
37340,MERGE,37340,19,deny
37740,MERGE,37740,110,deny
49740,MERGE,49740,1,deny
54040,MERGE,54040,1,deny
54140,MERGE,54140,1,deny
49540,MERGE,49540,89,deny
51364,MERGE,51364,32,deny
49340,MERGE,49340,1,deny
49240,MERGE,49240,1,deny
49640,MERGE,49640,1,deny
36740,MERGE,36740,44,deny
50140,MERGE,50140,89,deny
rs179,MERGE,RS179,80,deny
71400,MERGE,71400,1,deny
23319_a,MERGE,23319_A,1,deny
23329_a,MERGE,23329_A,514,deny
rs178,MERGE,RS178,171,deny
699050,MERGE,699050,5,deny
699049,MERGE,699049,19,deny
f-f21112-z1,MERGE,F-F21112-Z1,1,deny
70340,MERGE,70340,1,deny
70331,MERGE,70331,1,deny
f-f21112-um,MERGE,F-F21112-UM,1,deny
f-f21112-ux,MERGE,F-F21112-UX,1,deny
f-f21112-g1,MERGE,F-F21112-G1,1,deny
f-f21112-yz,MERGE,F-F21112-YZ,1,deny
789002,MERGE,789002,50,deny
791001,MERGE,791001,49,deny
23328_a,MERGE,23328_A,201,deny
789001,MERGE,789001,67,deny
23322_a,MERGE,23322_A,203,deny
23317_a,MERGE,23317_A,79,deny
770839_a,MERGE,770839_A,253,deny
rcm669,MERGE,RCM669,332,deny
770854_a,MERGE,770854_A,47,deny
770818_e,MERGE,770818_E,259,deny
23318_a,MERGE,23318_A,102,deny
770839_b,MERGE,770839_B,253,deny
770855_a,MERGE,770855_A,82,deny
501150,MERGE,501150,90,deny
770791_c,MERGE,770791_C,89,deny
770791_h,MERGE,770791_H,89,deny
770791_d,MERGE,770791_D,89,deny
770791_k,MERGE,770791_K,89,deny
770791_i,MERGE,770791_I,89,deny
770791_a,MERGE,770791_A,89,deny
76231,MERGE,76231,57,deny
97170912,MERGE,97170912,22,deny
97221012,MERGE,97221012,1,deny
97170918,MERGE,97170918,1,deny
10022,MERGE,10022,493,deny
97201011,MERGE,97201011,1,deny
502069,MERGE,502069,22,deny
56640,MERGE,56640,25,deny
53040,MERGE,53040,1,deny
53140,MERGE,53140,25,deny
53340,MERGE,53340,25,deny
56440,MERGE,56440,25,deny
56340,MERGE,56340,17,deny
220040,MERGE,220040,31,deny
23327_b,MERGE,23327_B,130,deny
23327_a,MERGE,23327_A,130,deny
10651,MERGE,10651,132,deny
40240,MERGE,40240,15,deny
40231,MERGE,40231,24,deny
57140,MERGE,57140,15,deny
56840,MERGE,56840,22,deny
50040,MERGE,50040,15,deny
99056,MERGE,99056,18,deny
59640,MERGE,59640,4,deny
58440,MERGE,58440,5,deny
59740,MERGE,59740,15,deny
76632,MERGE,76632,91,deny
53640,MERGE,53640,1,deny
53840,MERGE,53840,1,deny
59440,MERGE,59440,15,deny
58840,MERGE,58840,5,deny
59340,MERGE,59340,4,deny
59240,MERGE,59240,8,deny
59140,MERGE,59140,8,deny
47840,MERGE,47840,15,deny
59040,MERGE,59040,7,deny
53740,MERGE,53740,1,deny
58040,MERGE,58040,9,deny
58140,MERGE,58140,9,deny
58340,MERGE,58340,1,deny
58240,MERGE,58240,1,deny
57840,MERGE,57840,9,deny
57940,MERGE,57940,9,deny
53940,MERGE,53940,1,deny
54540,MERGE,54540,2,deny
510040,MERGE,510040,65,deny
23325_a,MERGE,23325_A,103,deny
51028,MERGE,51028,72,deny
51065,MERGE,51065,1,deny
65840,MERGE,65840,16,deny
64240,MERGE,64240,5,deny
65340,MERGE,65340,107,deny
54340,MERGE,54340,1,deny
65140,MERGE,65140,22,deny
64840,MERGE,64840,26,deny
65740,MERGE,65740,3,deny
64140,MERGE,64140,30,deny
54840,MERGE,54840,8,deny
55140,MERGE,55140,8,deny
54940,MERGE,54940,8,deny
67340,MERGE,67340,3,deny
67041,MERGE,67041,20,deny
66940,MERGE,66940,54,deny
66640,MERGE,66640,22,deny
66140,MERGE,66140,1,deny
63041,MERGE,63041,13,deny
54240,MERGE,54240,1,deny
65240,MERGE,65240,5,deny
56740,MERGE,56740,9,deny
68140,MERGE,68140,36,deny
69440,MERGE,69440,19,deny
53440,MERGE,53440,1,deny
67940,MERGE,67940,53,deny
91340,MERGE,91340,22,deny
68240,MERGE,68240,11,deny
53240,MERGE,53240,9,deny
67840,MERGE,67840,54,deny
67740,MERGE,67740,1,deny
56540,MERGE,56540,9,deny
74201a,MERGE,74201A,101,deny
67640,MERGE,67640,45,deny
74201ared,MERGE,74201ARED,67,deny
67440,MERGE,67440,1,deny
90640,MERGE,90640,18,deny
52740,MERGE,52740,9,deny
58940,MERGE,58940,9,deny
52940,MERGE,52940,8,deny
90740,MERGE,90740,18,deny
69340,MERGE,69340,8,deny
63440,MERGE,63440,104,deny
97074,MERGE,97074,18,deny
502094,MERGE,502094,279,deny
85940,MERGE,85940,66,deny
19440,MERGE,19440,15,deny
85941,MERGE,85941,66,deny
501148,MERGE,501148,62,deny
28340,MERGE,28340,40,deny
95740,MERGE,95740,28,deny
24640,MERGE,24640,85,deny
95940,MERGE,95940,30,deny
27640,MERGE,27640,41,deny
63040,MERGE,63040,13,deny
502029,MERGE,502029,92,deny
26840,MERGE,26840,85,deny
29740,MERGE,29740,10,deny
92059,MERGE,92059,49,deny
502028,MERGE,502028,136,deny
27440,MERGE,27440,41,deny
62340,MERGE,62340,10,deny
19840,MERGE,19840,15,deny
67040,MERGE,67040,20,deny
51080,MERGE,51080,7,deny
27740,MERGE,27740,85,deny
502084,MERGE,502084,85,deny
502130,MERGE,502130,15,deny
74240,MERGE,74240,101,deny
74241,MERGE,74241,101,deny
76040,MERGE,76040,95,deny
38340,MERGE,38340,27,deny
11940,MERGE,11940,37,deny
36240,MERGE,36240,211,deny
1340,MERGE,1340,92,deny
12440,MERGE,12440,15,deny
12140,MERGE,12140,15,deny
36040,MERGE,36040,36,deny
35840,MERGE,35840,136,deny
85118,MERGE,85118,153,deny
71149,MERGE,71149,6,deny
71108,MERGE,71108,19,deny
71119,MERGE,71119,9,deny
53059,MERGE,53059,1,deny
89309,MERGE,89309,453,deny
391005,MERGE,391005,47,deny
71077,MERGE,71077,124,deny
53459,MERGE,53459,1,deny
53458,MERGE,53458,1,deny
56359,MERGE,56359,17,deny
56358,MERGE,56358,17,deny
56758,MERGE,56758,9,deny
47859,MERGE,47859,15,deny
47858,MERGE,47858,15,deny
391001,MERGE,391001,64,deny
391003,MERGE,391003,78,deny
53058,MERGE,53058,1,deny
56759,MERGE,56759,9,deny
50656,MERGE,50656,15,deny
55059,MERGE,55059,7,deny
55058,MERGE,55058,7,deny
55057,MERGE,55057,15,deny
50657,MERGE,50657,15,deny
55056,MERGE,55056,15,deny
502149,MERGE,502149,116,deny
502148,MERGE,502148,25,deny
50658,MERGE,50658,7,deny
50659,MERGE,50659,7,deny
70420bl,MERGE,70420BL,138,deny
71078,MERGE,71078,1,deny
501142,MERGE,501142,1,deny
501141,MERGE,501141,71,deny
96016,MERGE,96016,65,deny
243301,MERGE,243301,11,deny
93150,MERGE,93150,6,deny
99057,MERGE,99057,13,deny
10810a,MERGE,10810A,5,deny
53158,MERGE,53158,1,deny
58259,MERGE,58259,1,deny
58958,MERGE,58958,1,deny
58959,MERGE,58959,1,deny
53659,MERGE,53659,1,deny
58258,MERGE,58258,1,deny
58059,MERGE,58059,1,deny
53259,MERGE,53259,1,deny
56659,MERGE,56659,1,deny
53758,MERGE,53758,1,deny
58058,MERGE,58058,1,deny
58859,MERGE,58859,1,deny
58459,MERGE,58459,1,deny
56658,MERGE,56658,1,deny
58858,MERGE,58858,1,deny
58458,MERGE,58458,1,deny
56459,MERGE,56459,1,deny
58158,MERGE,58158,1,deny
53658,MERGE,53658,1,deny
58358,MERGE,58358,1,deny
56458,MERGE,56458,1,deny
53358,MERGE,53358,1,deny
56559,MERGE,56559,1,deny
56558,MERGE,56558,1,deny
58359,MERGE,58359,1,deny
53359,MERGE,53359,1,deny
53159,MERGE,53159,1,deny
59459,MERGE,59459,1,deny
54158,MERGE,54158,1,deny
59758,MERGE,59758,1,deny
54959,MERGE,54959,1,deny
54958,MERGE,54958,1,deny
52758,MERGE,52758,1,deny
53859,MERGE,53859,1,deny
54859,MERGE,54859,1,deny
54858,MERGE,54858,1,deny
53958,MERGE,53958,1,deny
54359,MERGE,54359,1,deny
53959,MERGE,53959,1,deny
54358,MERGE,54358,1,deny
54058,MERGE,54058,1,deny
54259,MERGE,54259,1,deny
54258,MERGE,54258,1,deny
54059,MERGE,54059,1,deny
54159,MERGE,54159,1,deny
52759,MERGE,52759,1,deny
59759,MERGE,59759,1,deny
58159,MERGE,58159,1,deny
57858,MERGE,57858,1,deny
53759,MERGE,53759,1,deny
57959,MERGE,57959,1,deny
59358,MERGE,59358,1,deny
59359,MERGE,59359,1,deny
57958,MERGE,57958,1,deny
52959,MERGE,52959,1,deny
59458,MERGE,59458,1,deny
53258,MERGE,53258,1,deny
53858,MERGE,53858,1,deny
52958,MERGE,52958,1,deny
59658,MERGE,59658,1,deny
59659,MERGE,59659,1,deny
57859,MERGE,57859,1,deny
55159,MERGE,55159,1,deny
55158,MERGE,55158,1,deny
51757,MERGE,51757,1,deny
51756,MERGE,51756,1,deny
55858,MERGE,55858,1,deny
50457,MERGE,50457,1,deny
50356,MERGE,50356,1,deny
51758,MERGE,51758,1,deny
50456,MERGE,50456,1,deny
51258,MERGE,51258,1,deny
51259,MERGE,51259,1,deny
50459,MERGE,50459,1,deny
51356,MERGE,51356,1,deny
51357,MERGE,51357,1,deny
55458,MERGE,55458,1,deny
55459,MERGE,55459,1,deny
51358,MERGE,51358,1,deny
55658,MERGE,55658,1,deny
55659,MERGE,55659,1,deny
55859,MERGE,55859,1,deny
50359,MERGE,50359,1,deny
50358,MERGE,50358,1,deny
50357,MERGE,50357,1,deny
51359,MERGE,51359,1,deny
51759,MERGE,51759,1,deny
50458,MERGE,50458,1,deny
84093lg,MERGE,84093LG,53,deny
84092lg,MERGE,84092LG,18,deny
840922xl,MERGE,840922XL,29,deny
840923xl,MERGE,840923XL,74,deny
84095lg,MERGE,84095LG,56,deny
84094xl,MERGE,84094XL,57,deny
84095md,MERGE,84095MD,19,deny
301005,MERGE,301005,60,deny
84095sm,MERGE,84095SM,52,deny
301006,MERGE,301006,109,deny
84095xl,MERGE,84095XL,8,deny
84094sm,MERGE,84094SM,42,deny
84094md,MERGE,84094MD,31,deny
84094lg,MERGE,84094LG,36,deny
840953xl,MERGE,840953XL,15,deny
840943xl,MERGE,840943XL,24,deny
84092md,MERGE,84092MD,36,deny
84092sm,MERGE,84092SM,69,deny
840942xl,MERGE,840942XL,56,deny
84093xl,MERGE,84093XL,35,deny
84093sm,MERGE,84093SM,57,deny
301004,MERGE,301004,78,deny
301003,MERGE,301003,111,deny
301002,MERGE,301002,64,deny
301001,MERGE,301001,194,deny
84093md,MERGE,84093MD,43,deny
84092xl,MERGE,84092XL,44,deny
840932xl,MERGE,840932XL,25,deny
840933xl,MERGE,840933XL,48,deny
840952xl,MERGE,840952XL,11,deny
47970,MERGE,47970,4,deny
479.20,MERGE,479.20,19,deny
86201011,MERGE,86201011,72,deny
502059,MERGE,502059,65,deny
502068,MERGE,502068,15,deny
86201018,MERGE,86201018,13,deny
86201017,MERGE,86201017,49,deny
86201012,MERGE,86201012,2,deny
86201010,MERGE,86201010,59,deny
86201006,MERGE,86201006,1,deny
52656,MERGE,52656,1,deny
52659,MERGE,52659,1,deny
52658,MERGE,52658,1,deny
52657,MERGE,52657,1,deny
50856,MERGE,50856,1,deny
56058,MERGE,56058,1,deny
56059,MERGE,56059,1,deny
56056,MERGE,56056,1,deny
50756,MERGE,50756,1,deny
50757,MERGE,50757,1,deny
50758,MERGE,50758,1,deny
50759,MERGE,50759,1,deny
50857,MERGE,50857,1,deny
50858,MERGE,50858,1,deny
50859,MERGE,50859,1,deny
56057,MERGE,56057,1,deny
699040,MERGE,699040,12,deny
70900a,MERGE,70900A,1,deny
50011,MERGE,50011,22,deny
50010,MERGE,50010,1,deny
71122a,MERGE,71122A,1,deny
71147a,MERGE,71147A,1,deny
84091xl,MERGE,84091XL,8,deny
84096xl,MERGE,84096XL,64,deny
84096sm,MERGE,84096SM,60,deny
84096md,MERGE,84096MD,28,deny
840913xl,MERGE,840913XL,3,deny
84091lg,MERGE,84091LG,5,deny
84096lg,MERGE,84096LG,38,deny
840963xl,MERGE,840963XL,48,deny
840962xl,MERGE,840962XL,47,deny
84091md,MERGE,84091MD,20,deny
84091sm,MERGE,84091SM,46,deny
51069,MERGE,51069,50,deny
84129,MERGE,84129,100,deny
10809a,MERGE,10809A,7,deny
502063,MERGE,502063,65,deny
502081,MERGE,502081,101,deny
41006a,MERGE,41006A,1,deny
21014,MERGE,21014,1,deny
51033,MERGE,51033,64,deny
91047,MERGE,91047,13,deny
44005,MERGE,44005,30,deny
92058,MERGE,92058,1,deny
92056,MERGE,92056,29,deny
51103,MERGE,51103,3,deny
51100,MERGE,51100,5,deny
502090,MERGE,502090,40,deny
51104,MERGE,51104,5,deny
51105,MERGE,51105,5,deny
84127,MERGE,84127,62,deny
84128,MERGE,84128,88,deny
51102,MERGE,51102,5,deny
51101,MERGE,51101,5,deny
srb072291a,MERGE,SRB072291A,99,deny
tvprt34n,MERGE,TVPRT34N,1,deny
85170913a,MERGE,85170913A,2,deny
85170912a,MERGE,85170912A,1,deny
85170918a,MERGE,85170918A,1,deny
91046,MERGE,91046,87,deny
a-j01822,MERGE,A-J01822,1,deny
a-j02022,MERGE,A-J02022,21,deny
502075,MERGE,502075,173,deny
502061,MERGE,502061,41,deny
40900,MERGE,40900,33,deny
71074,MERGE,71074,64,deny
98102010,MERGE,98102010,20,deny
71075,MERGE,71075,54,deny
52200_a,MERGE,52200_A,2183,deny
71073,MERGE,71073,60,deny
71072,MERGE,71072,64,deny
71071,MERGE,71071,64,deny
99029,MERGE,99029,57,deny
51082,MERGE,51082,3,deny
501073_a,MERGE,501073_A,90,deny
m-51100,MERGE,M-51100,50,deny
m-51102,MERGE,M-51102,37,deny
501073,MERGE,501073,90,deny
rs6500sa,MERGE,RS6500SA,164,deny
21012,MERGE,21012,9,deny
93148,MERGE,93148,49,deny
44002,MERGE,44002,162,deny
10200,MERGE,10200,47,deny
44003,MERGE,44003,32,deny
usc330,MERGE,USC330,1000,deny
usc425,MERGE,USC425,238,deny
usc425-o,MERGE,USC425-O,213,deny
usc515,MERGE,USC515,236,deny
usc515-o,MERGE,USC515-O,96,deny
44004,MERGE,44004,38,deny
44001,MERGE,44001,44,deny
rc10323,MERGE,RC10323,289,deny
71054,MERGE,71054,169,deny
71053,MERGE,71053,198,deny
71055,MERGE,71055,293,deny
71052,MERGE,71052,293,deny
71056,MERGE,71056,54,deny
rc11318,MERGE,RC11318,426,deny
rc10317,MERGE,RC10317,119,deny
71060,MERGE,71060,4,deny
71061,MERGE,71061,4,deny
21013,MERGE,21013,29,deny
71059,MERGE,71059,4,deny
1301,MERGE,1301,238,deny
10642,MERGE,10642,77,deny
71058,MERGE,71058,4,deny
71062,MERGE,71062,4,deny
51081,MERGE,51081,36,deny
31930,MERGE,31930,49,deny
31830,MERGE,31830,45,deny
93139,MERGE,93139,10,deny
31870,MERGE,31870,16,deny
31970,MERGE,31970,16,deny
93136,MERGE,93136,11,deny
10021,MERGE,10021,66,deny
10021c,MERGE,10021C,66,deny
51095,MERGE,51095,67,deny
51096,MERGE,51096,66,deny
51066,MERGE,51066,67,deny
51067,MERGE,51067,67,deny
51068,MERGE,51068,66,deny
51094,MERGE,51094,67,deny
51099,MERGE,51099,66,deny
51098,MERGE,51098,67,deny
51097,MERGE,51097,67,deny
501120,MERGE,501120,105,deny
40131,MERGE,40131,19,deny
87170912,MERGE,87170912,85,deny
99036,MERGE,99036,53,deny
87170918,MERGE,87170918,53,deny
87170913,MERGE,87170913,12,deny
98202210,MERGE,98202210,22,deny
96015,MERGE,96015,24,deny
71064,MERGE,71064,42,deny
71068,MERGE,71068,39,deny
71067,MERGE,71067,42,deny
71066,MERGE,71066,41,deny
71065,MERGE,71065,42,deny
98241240,MERGE,98241240,11,deny
98102230,MERGE,98102230,9,deny
98122270,MERGE,98122270,97,deny
93145,MERGE,93145,11,deny
93144,MERGE,93144,11,deny
93143,MERGE,93143,11,deny
51088,MERGE,51088,175,deny
51076,MERGE,51076,10,deny
51075,MERGE,51075,10,deny
51073,MERGE,51073,10,deny
51074,MERGE,51074,10,deny
51085,MERGE,51085,175,deny
51086,MERGE,51086,66,deny
51087,MERGE,51087,55,deny
tvpxt04,MERGE,TVPXT04,76,deny
tvprt35n,MERGE,TVPRT35N,44,deny
tvpxt13,MERGE,TVPXT13,29,deny
tvpxt08,MERGE,TVPXT08,44,deny
tvprt08n,MERGE,TVPRT08N,126,deny
tvprt13n,MERGE,TVPRT13N,1,deny
tvprt05n,MERGE,TVPRT05N,36,deny
51071,MERGE,51071,8,deny
11016,MERGE,11016,67,deny
m-75113,MERGE,M-75113,30,deny
10024,MERGE,10024,1,deny
rcf21582db,MERGE,RCF21582DB,11,deny
rcf21584f,MERGE,RCF21584F,82,deny
10024c,MERGE,10024C,1,deny
10490,MERGE,10490,55,deny
10490pf,MERGE,10490PF,55,deny
8738530,MERGE,8738530,17,deny
91042,MERGE,91042,129,deny
91044,MERGE,91044,42,deny
91043,MERGE,91043,657,deny
70865,MERGE,70865,25,deny
50220,MERGE,50220,21,deny
50270,MERGE,50270,1,deny
23324_a,MERGE,23324_A,80,deny
72002b,MERGE,72002B,3,deny
85116,MERGE,85116,688,deny
71070,MERGE,71070,90,deny
8731270,MERGE,8731270,21,deny
8737170,MERGE,8737170,101,deny
8734570,MERGE,8734570,1,deny
8734370,MERGE,8734370,16,deny
8732670,MERGE,8732670,16,deny
8734270,MERGE,8734270,12,deny
8733870,MERGE,8733870,73,deny
8738770,MERGE,8738770,1,deny
10019,MERGE,10019,433,deny
51035,MERGE,51035,55,deny
m-80515,MERGE,M-80515,96,deny
10023,MERGE,10023,1,deny
10023c,MERGE,10023C,1,deny
10020c,MERGE,10020C,1,deny
10020,MERGE,10020,1,deny
m-5170,MERGE,M-5170,83,deny
m-51602,MERGE,M-51602,50,deny
70957,MERGE,70957,51,deny
770768_w,MERGE,770768_W,231,deny
770782_d,MERGE,770782_D,234,deny
770768_u,MERGE,770768_U,231,deny
770782_e,MERGE,770782_E,234,deny
770768_v,MERGE,770768_V,231,deny
770782_f,MERGE,770782_F,234,deny
770782_c,MERGE,770782_C,234,deny
770768_k,MERGE,770768_K,231,deny
770768_t,MERGE,770768_T,231,deny
770768_x,MERGE,770768_X,231,deny
770768_s,MERGE,770768_S,231,deny
770768_r,MERGE,770768_R,231,deny
770782_a,MERGE,770782_A,234,deny
770771_b,MERGE,770771_B,163,deny
770768_l,MERGE,770768_L,231,deny
770780_a,MERGE,770780_A,170,deny
770768_q,MERGE,770768_Q,231,deny
770768_p,MERGE,770768_P,231,deny
770768_o,MERGE,770768_O,231,deny
770771_c,MERGE,770771_C,163,deny
770768_m,MERGE,770768_M,231,deny
770771_g,MERGE,770771_G,163,deny
770768_n,MERGE,770768_N,231,deny
770771_h,MERGE,770771_H,163,deny
770782_b,MERGE,770782_B,234,deny
770773_a,MERGE,770773_A,198,deny
770773_b,MERGE,770773_B,198,deny
770775_b,MERGE,770775_B,126,deny
770740_f,MERGE,770740_F,180,deny
770768_j,MERGE,770768_J,231,deny
770752_a,MERGE,770752_A,124,deny
770751_c,MERGE,770751_C,301,deny
770750_a,MERGE,770750_A,75,deny
770749_a,MERGE,770749_A,20,deny
770747_a,MERGE,770747_A,216,deny
770746_b,MERGE,770746_B,45,deny
770744_v,MERGE,770744_V,124,deny
770744_q,MERGE,770744_Q,124,deny
770744_o,MERGE,770744_O,124,deny
770744_n,MERGE,770744_N,124,deny
770744_m,MERGE,770744_M,124,deny
770744_j,MERGE,770744_J,124,deny
770744_g,MERGE,770744_G,124,deny
770744_f,MERGE,770744_F,124,deny
770744_e,MERGE,770744_E,124,deny
770744_d,MERGE,770744_D,124,deny
770751_f,MERGE,770751_F,301,deny
770753_a,MERGE,770753_A,82,deny
770768_i,MERGE,770768_I,231,deny
770753_f,MERGE,770753_F,82,deny
770763_d,MERGE,770763_D,177,deny
770763_a,MERGE,770763_A,177,deny
770762_f,MERGE,770762_F,144,deny
770762_e,MERGE,770762_E,144,deny
770762_d,MERGE,770762_D,144,deny
770762_a,MERGE,770762_A,144,deny
770768_a,MERGE,770768_A,231,deny
770761_d,MERGE,770761_D,58,deny
770768_b,MERGE,770768_B,231,deny
770768_c,MERGE,770768_C,231,deny
770768_d,MERGE,770768_D,231,deny
770754_h,MERGE,770754_H,42,deny
770754_f,MERGE,770754_F,42,deny
770754_e,MERGE,770754_E,42,deny
770754_a,MERGE,770754_A,42,deny
770744_b,MERGE,770744_B,124,deny
770744_a,MERGE,770744_A,124,deny
770743_f,MERGE,770743_F,27,deny
770743_a,MERGE,770743_A,27,deny
770768_h,MERGE,770768_H,231,deny
770738_n,MERGE,770738_N,273,deny
770738_m,MERGE,770738_M,273,deny
770738_l,MERGE,770738_L,273,deny
770738_k,MERGE,770738_K,273,deny
770738_j,MERGE,770738_J,273,deny
770738_i,MERGE,770738_I,273,deny
770738_h,MERGE,770738_H,273,deny
770738_g,MERGE,770738_G,273,deny
770738_f,MERGE,770738_F,273,deny
770738_e,MERGE,770738_E,273,deny
770738_d,MERGE,770738_D,273,deny
770738_c,MERGE,770738_C,273,deny
770738_b,MERGE,770738_B,273,deny
770738_a,MERGE,770738_A,273,deny
770768_g,MERGE,770768_G,231,deny
770768_f,MERGE,770768_F,231,deny
770768_e,MERGE,770768_E,231,deny
770740_d,MERGE,770740_D,180,deny
770742_e,MERGE,770742_E,127,deny
770742_a,MERGE,770742_A,127,deny
770740_j,MERGE,770740_J,180,deny
770740_i,MERGE,770740_I,180,deny
770782_k,MERGE,770782_K,234,deny
770740_e,MERGE,770740_E,180,deny
770740_c,MERGE,770740_C,180,deny
770739_a,MERGE,770739_A,225,deny
770740_b,MERGE,770740_B,180,deny
770740_a,MERGE,770740_A,180,deny
770739_f,MERGE,770739_F,225,deny
770739_e,MERGE,770739_E,225,deny
770739_c,MERGE,770739_C,225,deny
770739_b,MERGE,770739_B,225,deny
770782_i,MERGE,770782_I,234,deny
770763_e,MERGE,770763_E,177,deny
770782_l,MERGE,770782_L,234,deny
770783_f,MERGE,770783_F,218,deny
770783_h,MERGE,770783_H,218,deny
770815_a,MERGE,770815_A,47,deny
770809_a,MERGE,770809_A,22,deny
770808_b,MERGE,770808_B,256,deny
770808_a,MERGE,770808_A,256,deny
770801_a,MERGE,770801_A,117,deny
770790_a,MERGE,770790_A,41,deny
770790_c,MERGE,770790_C,41,deny
770799_b,MERGE,770799_B,479,deny
770799_a,MERGE,770799_A,479,deny
770782_m,MERGE,770782_M,234,deny
770797_a,MERGE,770797_A,74,deny
770790_m,MERGE,770790_M,41,deny
770790_l,MERGE,770790_L,41,deny
770790_j,MERGE,770790_J,41,deny
770790_i,MERGE,770790_I,41,deny
770790_f,MERGE,770790_F,41,deny
770790_h,MERGE,770790_H,41,deny
770815_d,MERGE,770815_D,47,deny
770815_f,MERGE,770815_F,47,deny
770782_s,MERGE,770782_S,234,deny
770782_n,MERGE,770782_N,234,deny
770782_o,MERGE,770782_O,234,deny
770826_k,MERGE,770826_K,76,deny
770782_r,MERGE,770782_R,234,deny
770826_i,MERGE,770826_I,76,deny
770826_h,MERGE,770826_H,76,deny
770783_e,MERGE,770783_E,218,deny
770826_g,MERGE,770826_G,76,deny
770826_e,MERGE,770826_E,76,deny
770826_b,MERGE,770826_B,76,deny
770826_a,MERGE,770826_A,76,deny
770782_t,MERGE,770782_T,234,deny
770782_u,MERGE,770782_U,234,deny
770782_w,MERGE,770782_W,234,deny
770783_a,MERGE,770783_A,218,deny
770815_i,MERGE,770815_I,47,deny
770790_g,MERGE,770790_G,41,deny
760839_b,MERGE,760839_B,161,deny
760839_a,MERGE,760839_A,161,deny
rc51-5183,MERGE,RC51-5183,140,deny
50008,MERGE,50008,1,deny
50009,MERGE,50009,20,deny
500011,MERGE,500011,14,deny
50002,MERGE,50002,14,deny
91201210m,MERGE,91201210M,44,deny
91201212m,MERGE,91201212M,18,deny
91201211m,MERGE,91201211M,38,deny
47520551b,MERGE,47520551B,1,deny
91201206m,MERGE,91201206M,7,deny
m-61703,MERGE,M-61703,210,deny
47514551b,MERGE,47514551B,1,deny
93117,MERGE,93117,1,deny
40730,MERGE,40730,6,deny
90799,MERGE,90799,18,deny
47254500b,MERGE,47254500B,8,deny
11003a,MERGE,11003A,157,deny
rc51-7655,MERGE,RC51-7655,799,deny
21011,MERGE,21011,82,deny
10099a,MERGE,10099A,80,deny
71000a,MERGE,71000A,57,deny
31008a,MERGE,31008A,53,deny
51008a,MERGE,51008A,49,deny
11009a,MERGE,11009A,49,deny
31011a,MERGE,31011A,38,deny
10100,MERGE,10100,258,deny
71148a,MERGE,71148A,1,deny
10007c,MERGE,10007C,40,deny
10011c,MERGE,10011C,1,deny
10009,MERGE,10009,1,deny
10009c,MERGE,10009C,1,deny
100054c,MERGE,100054C,26,deny
10017,MERGE,10017,105,deny
10008,MERGE,10008,15,deny
10017c,MERGE,10017C,105,deny
10008c,MERGE,10008C,15,deny
100056c,MERGE,100056C,26,deny
100074c,MERGE,100074C,40,deny
100116c,MERGE,100116C,1,deny
100064c,MERGE,100064C,1,deny
10006c,MERGE,10006C,1,deny
10005c,MERGE,10005C,26,deny
8071kit,MERGE,8071Kit,1,deny
8061kit,MERGE,8061Kit,1,deny
8063kit,MERGE,8063Kit,2,deny
8064kit,MERGE,8064Kit,35,deny
8066kit,MERGE,8066Kit,173,deny
8075kit,MERGE,8075Kit,403,deny
8072kit,MERGE,8072Kit,85,deny
8073kit,MERGE,8073Kit,1,deny
8057kit,MERGE,8057Kit,176,deny
8100kit,MERGE,8100Kit,61,deny
8200kit,MERGE,8200Kit,134,deny
8060kit,MERGE,8060Kit,133,deny
8036kit,MERGE,8036Kit,35,deny
8047kit,MERGE,8047Kit,107,deny
8011kit,MERGE,8011Kit,103,deny
8023kit,MERGE,8023Kit,47,deny
8022kit,MERGE,8022Kit,78,deny
8020kit,MERGE,8020Kit,24,deny
8019kit,MERGE,8019Kit,12,deny
8016kit,MERGE,8016Kit,5,deny
8015kit,MERGE,8015Kit,10,deny
8014kit,MERGE,8014Kit,5,deny
8013kit,MERGE,8013Kit,11,deny
8046kit,MERGE,8046Kit,25,deny
8010kit,MERGE,8010Kit,75,deny
8025kit,MERGE,8025Kit,62,deny
8009kit,MERGE,8009Kit,132,deny
8008kit,MERGE,8008Kit,1,deny
8007kit,MERGE,8007Kit,12,deny
8006kit,MERGE,8006Kit,36,deny
8005kit,MERGE,8005Kit,21,deny
8004kit,MERGE,8004Kit,35,deny
8003kit,MERGE,8003Kit,60,deny
8001kit,MERGE,8001Kit,1,deny
8000kit,MERGE,8000Kit,209,deny
8024kit,MERGE,8024Kit,18,deny
8012kit,MERGE,8012Kit,118,deny
8044kit,MERGE,8044Kit,36,deny
8039kit,MERGE,8039Kit,27,deny
8045kit,MERGE,8045Kit,3,deny
8026kit,MERGE,8026Kit,1,deny
8028kit,MERGE,8028Kit,1,deny
8034kit,MERGE,8034Kit,1,deny
8040kit,MERGE,8040Kit,40,deny
8033kit,MERGE,8033Kit,1,deny
8029kit,MERGE,8029Kit,165,deny
8031kit,MERGE,8031Kit,1,deny
8041kit,MERGE,8041Kit,10,deny
8032kit,MERGE,8032Kit,21,deny
8042kit,MERGE,8042Kit,14,deny
92201210,MERGE,92201210,1,deny
92221212,MERGE,92221212,1,deny
40830,MERGE,40830,23,deny
92201212,MERGE,92201212,73,deny
f-f11612a,MERGE,F-F11612A,3,deny
93118,MERGE,93118,36,deny
60200,MERGE,60200,21,deny
71300,MERGE,71300,1,deny
51029,MERGE,51029,85,deny
95670,MERGE,95670,12,deny
95630,MERGE,95630,8,deny
73106,MERGE,73106,16,deny
10476pf,MERGE,10476PF,102,deny
73107,MERGE,73107,16,deny
10476,MERGE,10476,102,deny
93115,MERGE,93115,1,deny
501122,MERGE,501122,16,deny
66532,MERGE,66532,4,deny
93026a,MERGE,93026A,22,deny
11015,MERGE,11015,139,deny
10643,MERGE,10643,32,deny
93102,MERGE,93102,3,deny
93100,MERGE,93100,1,deny
93095,MERGE,93095,10,deny
51062,MERGE,51062,445,deny
97066,MERGE,97066,9,deny
501083_a,MERGE,501083_A,112,deny
21007,MERGE,21007,117,deny
99021,MERGE,99021,282,deny
21008,MERGE,21008,357,deny
21009,MERGE,21009,66,deny
99052a,MERGE,99052A,12,deny
699024,MERGE,699024,1,deny
41534600a,MERGE,41534600A,109,deny
m-21712,MERGE,M-21712,31,deny
23323_a,MERGE,23323_A,184,deny
65770,MERGE,65770,3,deny
7658,MERGE,7658,1,deny
7660,MERGE,7660,271,deny
1104,MERGE,1104,33,deny
10640,MERGE,10640,24,deny
10637,MERGE,10637,50,deny
10638,MERGE,10638,1,deny
65171,MERGE,65171,8,deny
633n2,MERGE,633N2,21,deny
63770,MERGE,63770,21,deny
63730,MERGE,63730,34,deny
97072,MERGE,97072,9,deny
97071,MERGE,97071,9,deny
97070,MERGE,97070,9,deny
97065,MERGE,97065,9,deny
51061,MERGE,51061,19,deny
10718,MERGE,10718,28,deny
10724,MERGE,10724,28,deny
10726,MERGE,10726,28,deny
10721,MERGE,10721,28,deny
10727,MERGE,10727,28,deny
10712,MERGE,10712,28,deny
10714,MERGE,10714,28,deny
10715,MERGE,10715,28,deny
10720,MERGE,10720,28,deny
79214211,MERGE,79214211,2,deny
79113211,MERGE,79113211,135,deny
91040,MERGE,91040,82,deny
91041,MERGE,91041,1,deny
88000_a,MERGE,88000_A,1142,deny
623n2,MERGE,623N2,39,deny
27920,MERGE,27920,1,deny
27970,MERGE,27970,10,deny
28020,MERGE,28020,1,deny
28070,MERGE,28070,12,deny
62370,MERGE,62370,1,deny
10728,MERGE,10728,27,deny
rch5900,MERGE,RCH5900,34,deny
rch5800,MERGE,RCH5800,86,deny
10713,MERGE,10713,27,deny
10725,MERGE,10725,27,deny
10719,MERGE,10719,27,deny
10716,MERGE,10716,27,deny
10717,MERGE,10717,27,deny
10723,MERGE,10723,27,deny
10722,MERGE,10722,27,deny
10729,MERGE,10729,27,deny
rcm687,MERGE,RCM687,410,deny
96500,MERGE,96500,26,deny
99037,MERGE,99037,19,deny
99009,MERGE,99009,1,deny
40630,MERGE,40630,89,deny
51064,MERGE,51064,26,deny
31730,MERGE,31730,1,deny
31630,MERGE,31630,1,deny
97036,MERGE,97036,11,deny
97064,MERGE,97064,3,deny
98051,MERGE,98051,9,deny
51063,MERGE,51063,114,deny
93128,MERGE,93128,134,deny
10806a,MERGE,10806A,10,deny
66171,MERGE,66171,1,deny
68731,MERGE,68731,43,deny
68322,MERGE,68322,1,deny
501112,MERGE,501112,68,deny
21006,MERGE,21006,60,deny
10629,MERGE,10629,63,deny
98215150,MERGE,98215150,27,deny
41002a,MERGE,41002A,385,deny
98009,MERGE,98009,16,deny
98008,MERGE,98008,20,deny
98005,MERGE,98005,20,deny
98004,MERGE,98004,8,deny
98003,MERGE,98003,20,deny
41003a,MERGE,41003A,220,deny
93124,MERGE,93124,41,deny
93127,MERGE,93127,81,deny
93125,MERGE,93125,41,deny
23321_a,MERGE,23321_A,33,deny
90777,MERGE,90777,1,deny
90730,MERGE,90730,30,deny
92047,MERGE,92047,348,deny
92052,MERGE,92052,130,deny
97061,MERGE,97061,109,deny
23320_a,MERGE,23320_A,58,deny
22657,MERGE,22657,1,deny
501115,MERGE,501115,41,deny
22650,MERGE,22650,1,deny
41004a,MERGE,41004A,185,deny
70975,MERGE,70975,1,deny
41001a,MERGE,41001A,126,deny
110031a,MERGE,110031A,24,deny
39270,MERGE,39270,1,deny
39170,MERGE,39170,1,deny
82001c,MERGE,82001C,30,deny
10649,MERGE,10649,1,deny
243300,MERGE,243300,476,deny
38370,MERGE,38370,16,deny
56270,MERGE,56270,16,deny
29900d,MERGE,29900D,1,deny
4301,MERGE,4301,54,deny
10650,MERGE,10650,1,deny
99033,MERGE,99033,78,deny
99012,MERGE,99012,140,deny
8731970,MERGE,8731970,33,deny
23313_b,MERGE,23313_B,274,deny
8734970,MERGE,8734970,18,deny
8730670,MERGE,8730670,108,deny
95201006m,MERGE,95201006M,47,deny
95221012m,MERGE,95221012M,1,deny
689040,MERGE,689040,16,deny
76650,MERGE,76650,8,deny
51060,MERGE,51060,74,deny
23314_a,MERGE,23314_A,57,deny
23313_a,MERGE,23313_A,274,deny
23316_a,MERGE,23316_A,67,deny
23301_rc,MERGE,23301_RC,99,deny
23308_a,MERGE,23308_A,76,deny
93002,MERGE,93002,233,deny
23310_a,MERGE,23310_A,272,deny
23307_a,MERGE,23307_A,345,deny
23278_a,MERGE,23278_A,183,deny
91039,MERGE,91039,574,deny
23205_c,MERGE,23205_C,40,deny
51059,MERGE,51059,1,deny
23315_a,MERGE,23315_A,35,deny
51058,MERGE,51058,1,deny
10477pf,MERGE,10477PF,230,deny
10477,MERGE,10477,230,deny
760832_a,MERGE,760832_A,19,deny
23198_a,MERGE,23198_A,102,deny
95201017m,MERGE,95201017M,55,deny
95201011m,MERGE,95201011M,6,deny
95201018m,MERGE,95201018M,25,deny
95201012m,MERGE,95201012M,68,deny
83731,MERGE,83731,43,deny
83730,MERGE,83730,2,deny
95201010m,MERGE,95201010M,110,deny
rs171,MERGE,RS171,93,deny
rs172,MERGE,RS172,93,deny
99014,MERGE,99014,109,deny
93088,MERGE,93088,8,deny
99028,MERGE,99028,19,deny
51052,MERGE,51052,42,deny
90670,MERGE,90670,1,deny
51055,MERGE,51055,26,deny
51055,MERGE,51055,26,deny
51053,MERGE,51053,417,deny
501108,MERGE,501108,27,deny
501107,MERGE,501107,14,deny
90630,MERGE,90630,34,deny
10013,MERGE,10013,171,deny
10014,MERGE,10014,236,deny
760804_a,MERGE,760804_A,1,deny
95750,MERGE,95750,24,deny
95770,MERGE,95770,1,deny
90501,MERGE,90501,11,deny
90500,MERGE,90500,10,deny
689017,MERGE,689017,71,deny
95730,MERGE,95730,17,deny
10098,MERGE,10098,404,deny
90631,MERGE,90631,14,deny
501106,MERGE,501106,28,deny
10743a,MERGE,10743A,1,deny
10744,MERGE,10744,1,deny
10745,MERGE,10745,1,deny
10648,MERGE,10648,1,deny
93065,MERGE,93065,7,deny
6551,MERGE,6551,78,deny
6573,MERGE,6573,138,deny
6549,MERGE,6549,143,deny
6552,MERGE,6552,121,deny
6557,MERGE,6557,19,deny
6581,MERGE,6581,43,deny
6582,MERGE,6582,270,deny
6546,MERGE,6546,71,deny
6542,MERGE,6542,23,deny
6539,MERGE,6539,129,deny
6532,MERGE,6532,280,deny
6521,MERGE,6521,271,deny
10006,MERGE,10006,1,deny
41521550a,MERGE,41521550A,2,deny
100074,MERGE,100074,40,deny
10007,MERGE,10007,40,deny
100064,MERGE,100064,1,deny
41521650a,MERGE,41521650A,23,deny
10011,MERGE,10011,1,deny
100116,MERGE,100116,1,deny
100056,MERGE,100056,26,deny
10647,MERGE,10647,1,deny
100054,MERGE,100054,26,deny
10005,MERGE,10005,26,deny
71048,MERGE,71048,169,deny
71049,MERGE,71049,657,deny
71050,MERGE,71050,54,deny
71047,MERGE,71047,657,deny
71046,MERGE,71046,188,deny
77530,MERGE,77530,11,deny
8749670,MERGE,8749670,7,deny
8730570,MERGE,8730570,112,deny
8730470,MERGE,8730470,147,deny
501126,MERGE,501126,189,deny
93064,MERGE,93064,1,deny
70898,MERGE,70898,27,deny
760768_o,MERGE,760768_O,21,deny
760768_p,MERGE,760768_P,21,deny
760768_c,MERGE,760768_C,21,deny
760838_a,MERGE,760838_A,47,deny
760768_d,MERGE,760768_D,21,deny
760768_e,MERGE,760768_E,21,deny
760768_f,MERGE,760768_F,21,deny
760768_g,MERGE,760768_G,21,deny
760768_x,MERGE,760768_X,21,deny
760768_w,MERGE,760768_W,21,deny
760768_v,MERGE,760768_V,21,deny
760768_h,MERGE,760768_H,21,deny
760768_u,MERGE,760768_U,21,deny
760768_i,MERGE,760768_I,21,deny
760768_j,MERGE,760768_J,21,deny
760768_k,MERGE,760768_K,21,deny
760768_l,MERGE,760768_L,21,deny
760768_t,MERGE,760768_T,21,deny
760768_s,MERGE,760768_S,21,deny
760768_r,MERGE,760768_R,21,deny
760768_a,MERGE,760768_A,21,deny
760768_m,MERGE,760768_M,21,deny
760768_n,MERGE,760768_N,21,deny
760768_q,MERGE,760768_Q,21,deny
760768_b,MERGE,760768_B,21,deny
8749570,MERGE,8749570,71,deny
8731770,MERGE,8731770,106,deny
8732070,MERGE,8732070,3,deny
8730970,MERGE,8730970,27,deny
8749470,MERGE,8749470,146,deny
8749070,MERGE,8749070,85,deny
8731170,MERGE,8731170,88,deny
8732370,MERGE,8732370,50,deny
8735670,MERGE,8735670,7,deny
8732570,MERGE,8732570,39,deny
99013,MERGE,99013,96,deny
93072,MERGE,93072,66,deny
93070,MERGE,93070,56,deny
93071,MERGE,93071,62,deny
93068,MERGE,93068,81,deny
4213a,MERGE,4213A,1159,deny
10805,MERGE,10805,1,deny
52002,MERGE,52002,6,deny
51051,MERGE,51051,655,deny
117512,MERGE,117512,108,deny
93069,MERGE,93069,7,deny
93114,MERGE,93114,11,deny
64970,MERGE,64970,17,deny
51050,MERGE,51050,1,deny
51047,MERGE,51047,1,deny
51045,MERGE,51045,1,deny
51048,MERGE,51048,1,deny
51049,MERGE,51049,1,deny
51046,MERGE,51046,1,deny
42225650,MERGE,42225650,1,deny
42220550,MERGE,42220550,1274,deny
42214650,MERGE,42214650,1,deny
42119551,MERGE,42119551,80,deny
42517650,MERGE,42517650,365,deny
501013,MERGE,501013,263,deny
93089,MERGE,93089,1,deny
99100,MERGE,99100,84,deny
10635,MERGE,10635,24,deny
40300,MERGE,40300,1,deny
40400,MERGE,40400,568,deny
96201010,MERGE,96201010,69,deny
83601,MERGE,83601,50,deny
96201011,MERGE,96201011,53,deny
97034,MERGE,97034,64,deny
10478,MERGE,10478,27,deny
10478pf,MERGE,10478PF,27,deny
93097,MERGE,93097,1,deny
23420,MERGE,23420,27,deny
93108,MERGE,93108,12,deny
10758,MERGE,10758,1,deny
99035,MERGE,99035,116,deny
99049,MERGE,99049,27,deny
99050,MERGE,99050,53,deny
42716501,MERGE,42716501,1,deny
rch5300,MERGE,RCH5300,13,deny
98212030,MERGE,98212030,28,deny
10913,MERGE,10913,4,deny
93086,MERGE,93086,312,deny
93087,MERGE,93087,50,deny
93107,MERGE,93107,10,deny
10912,MERGE,10912,4,deny
93111,MERGE,93111,10,deny
93094,MERGE,93094,2,deny
99051,MERGE,99051,27,deny
96201006,MERGE,96201006,1,deny
96201017,MERGE,96201017,29,deny
27531d,MERGE,27531D,1,deny
98001,MERGE,98001,13,deny
10756a,MERGE,10756A,5,deny
10757a,MERGE,10757A,1,deny
10755,MERGE,10755,66,deny
98241810,MERGE,98241810,19,deny
97002,MERGE,97002,281,deny
21002s,MERGE,21002S,12,deny
97035,MERGE,97035,49,deny
501101,MERGE,501101,227,deny
21001s,MERGE,21001S,43,deny
10632,MERGE,10632,79,deny
10631,MERGE,10631,21,deny
10636,MERGE,10636,20,deny
10634,MERGE,10634,16,deny
96011,MERGE,96011,106,deny
10633,MERGE,10633,20,deny
96014,MERGE,96014,27,deny
93096,MERGE,93096,640,deny
70773drl,MERGE,70773DRL,52,deny
70773drla,MERGE,70773DRLA,37,deny
70702,MERGE,70702,28,deny
70701bldrl,MERGE,70701BLDRL,1,deny
74530red,MERGE,74530RED,115,deny
98292010,MERGE,98292010,17,deny
76857,MERGE,76857,2,deny
76850,MERGE,76850,2,deny
689034,MERGE,689034,37,deny
10760,MERGE,10760,22,deny
11200,MERGE,11200,174,deny
92044,MERGE,92044,38,deny
97026,MERGE,97026,8,deny
70982,MERGE,70982,232,deny
501022,MERGE,501022,93,deny
93084,MERGE,93084,22,deny
93083,MERGE,93083,22,deny
93082,MERGE,93082,22,deny
10830,MERGE,10830,74,deny
91370,MERGE,91370,39,deny
95221012,MERGE,95221012,1,deny
95221017,MERGE,95221017,11,deny
96201012a,MERGE,96201012A,41,deny
96221012,MERGE,96221012,1,deny
95201010,MERGE,95201010,29,deny
95201006,MERGE,95201006,36,deny
95201011,MERGE,95201011,1,deny
95201012,MERGE,95201012,177,deny
95201018,MERGE,95201018,91,deny
74258,MERGE,74258,1,deny
93076,MERGE,93076,12,deny
74252,MERGE,74252,1,deny
73700,MERGE,73700,8,deny
93077,MERGE,93077,12,deny
10916,MERGE,10916,9,deny
93078,MERGE,93078,12,deny
93079,MERGE,93079,12,deny
93080,MERGE,93080,12,deny
91230,MERGE,91230,1,deny
501014,MERGE,501014,75,deny
93085,MERGE,93085,3,deny
71140a,MERGE,71140A,6,deny
51042,MERGE,51042,5,deny
51041,MERGE,51041,5,deny
71037,MERGE,71037,5,deny
51040,MERGE,51040,5,deny
71036,MERGE,71036,5,deny
51044,MERGE,51044,5,deny
51043,MERGE,51043,4,deny
51020,MERGE,51020,2,deny
51022,MERGE,51022,2,deny
51021,MERGE,51021,2,deny
117504,MERGE,117504,38,deny
117503,MERGE,117503,155,deny
699034,MERGE,699034,39,deny
117501,MERGE,117501,253,deny
117500,MERGE,117500,38,deny
57657,MERGE,57657,1,deny
57650,MERGE,57650,1,deny
689036,MERGE,689036,79,deny
59857,MERGE,59857,1,deny
59850,MERGE,59850,1,deny
117513a,MERGE,117513A,6,deny
36870,MERGE,36870,27,deny
36070,MERGE,36070,22,deny
37370,MERGE,37370,19,deny
220n3a,MERGE,220N3A,31,deny
36770,MERGE,36770,44,deny
22070,MERGE,22070,31,deny
501096_a,MERGE,501096_A,240,deny
10097,MERGE,10097,389,deny
98272030,MERGE,98272030,6,deny
98262010,MERGE,98262010,1,deny
98262020,MERGE,98262020,8,deny
95201017,MERGE,95201017,1,deny
501015,MERGE,501015,143,deny
91037,MERGE,91037,291,deny
rs168,MERGE,RS168,76,deny
83431,MERGE,83431,51,deny
501072,MERGE,501072,59,deny
93062,MERGE,93062,69,deny
93054,MERGE,93054,2,deny
98152010,MERGE,98152010,20,deny
501016,MERGE,501016,65,deny
98242040,MERGE,98242040,10,deny
rs169,MERGE,RS169,34,deny
rs170,MERGE,RS170,34,deny
71033,MERGE,71033,54,deny
71028,MERGE,71028,429,deny
93063,MERGE,93063,7,deny
71029,MERGE,71029,197,deny
71031,MERGE,71031,169,deny
71032,MERGE,71032,429,deny
10627,MERGE,10627,45,deny
10628,MERGE,10628,79,deny
74232,MERGE,74232,83,deny
70075,MERGE,70075,1,deny
70074,MERGE,70074,1,deny
70072,MERGE,70072,1,deny
40100,MERGE,40100,21,deny
95830,MERGE,95830,57,deny
37770,MERGE,37770,150,deny
37775,MERGE,37775,45,deny
8592_a,MERGE,8592_A,252,deny
760739_a,MERGE,760739_A,62,deny
93061,MERGE,93061,4,deny
66531,MERGE,66531,4,deny
66501,MERGE,66501,15,deny
99015,MERGE,99015,474,deny
95870,MERGE,95870,17,deny
93045,MERGE,93045,1,deny
93059,MERGE,93059,1,deny
58657,MERGE,58657,22,deny
58630,MERGE,58630,55,deny
57131,MERGE,57131,174,deny
57130,MERGE,57130,80,deny
58600,MERGE,58600,153,deny
57100,MERGE,57100,84,deny
58650,MERGE,58650,1,deny
501093,MERGE,501093,104,deny
57032,MERGE,57032,111,deny
760766_rc,MERGE,760766_RC,1,deny
501083,MERGE,501083,112,deny
86731,MERGE,86731,77,deny
501098,MERGE,501098,109,deny
98785,MERGE,98785,35,deny
760791_k,MERGE,760791_K,106,deny
760791_i,MERGE,760791_I,106,deny
760801_a,MERGE,760801_A,63,deny
760744_v,MERGE,760744_V,170,deny
23178_c,MERGE,23178_C,693,deny
760818_e,MERGE,760818_E,123,deny
760799_b,MERGE,760799_B,115,deny
760791_d,MERGE,760791_D,106,deny
760762_e,MERGE,760762_E,76,deny
760791_h,MERGE,760791_H,106,deny
psb100,MERGE,PSB100,138,deny
97023,MERGE,97023,179,deny
97020,MERGE,97020,34,deny
10096,MERGE,10096,73,deny
91035,MERGE,91035,1029,deny
91036,MERGE,91036,687,deny
501092,MERGE,501092,69,deny
10646,MERGE,10646,33,deny
98282020,MERGE,98282020,6,deny
23312_a,MERGE,23312_A,301,deny
98262030,MERGE,98262030,18,deny
70569,MERGE,70569,40,deny
98231830,MERGE,98231830,10,deny
70570b,MERGE,70570B,40,deny
73105,MERGE,73105,1,deny
501099,MERGE,501099,53,deny
75131,MERGE,75131,1,deny
75331,MERGE,75331,32,deny
501090,MERGE,501090,503,deny
31231,MERGE,31231,1,deny
501086m,MERGE,501086M,316,deny
501097,MERGE,501097,141,deny
501096,MERGE,501096,240,deny
54550,MERGE,54550,4,deny
501095,MERGE,501095,17,deny
64830b,MERGE,64830B,26,deny
689033,MERGE,689033,53,deny
54557,MERGE,54557,5,deny
70845,MERGE,70845,54,deny
70844,MERGE,70844,202,deny
689027,MERGE,689027,8,deny
70843,MERGE,70843,169,deny
70842,MERGE,70842,202,deny
70841,MERGE,70841,202,deny
95850,MERGE,95850,2,deny
239n2,MERGE,239N2,122,deny
23277,MERGE,23277,1,deny
23970,MERGE,23970,1,deny
232n2,MERGE,232N2,83,deny
rs200a,MERGE,RS200A,67,deny
75030,MERGE,75030,1,deny
75031,MERGE,75031,11,deny
29557,MERGE,29557,1,deny
29550,MERGE,29550,1,deny
689032,MERGE,689032,129,deny
615.20,MERGE,615.20,36,deny
22632,MERGE,22632,1,deny
22732,MERGE,22732,1,deny
501089,MERGE,501089,228,deny
10768,MERGE,10768,26,deny
rs175b,MERGE,RS175B,85,deny
92038,MERGE,92038,23,deny
rs175r,MERGE,RS175R,369,deny
92039,MERGE,92039,23,deny
689035,MERGE,689035,1,deny
99007a,MERGE,99007A,44,deny
92041,MERGE,92041,13,deny
hts-a78ed,MERGE,HTS-A78ED,671,deny
10630,MERGE,10630,158,deny
10910,MERGE,10910,3,deny
10911,MERGE,10911,3,deny
1105,MERGE,1105,8,deny
1017,MERGE,1017,27,deny
750,MERGE,750,48,deny
31431,MERGE,31431,1,deny
78130,MERGE,78130,7,deny
23633,MERGE,23633,30,deny
56957,MERGE,56957,22,deny
56950,MERGE,56950,1,deny
19857,MERGE,19857,27,deny
11950,MERGE,11950,3,deny
12150,MERGE,12150,3,deny
11957,MERGE,11957,18,deny
12157,MERGE,12157,27,deny
19850,MERGE,19850,3,deny
m-5200,MERGE,M-5200,10,deny
501087m,MERGE,501087M,155,deny
m-81602,MERGE,M-81602,59,deny
501094,MERGE,501094,184,deny
10479,MERGE,10479,72,deny
10479pf,MERGE,10479PF,72,deny
74231,MERGE,74231,83,deny
37830,MERGE,37830,20,deny
37530,MERGE,37530,20,deny
74250,MERGE,74250,1,deny
74257,MERGE,74257,1,deny
70740bl,MERGE,70740BL,186,deny
72740bl,MERGE,72740BL,1,deny
93050,MERGE,93050,25,deny
501088,MERGE,501088,239,deny
93057,MERGE,93057,25,deny
689016,MERGE,689016,8,deny
70847,MERGE,70847,194,deny
96013,MERGE,96013,46,deny
92027,MERGE,92027,53,deny
92032,MERGE,92032,1,deny
92033,MERGE,92033,1,deny
92034,MERGE,92034,1,deny
92035,MERGE,92035,1,deny
99016,MERGE,99016,332,deny
70588bldrl,MERGE,70588BLDRL,16,deny
70530bldrl,MERGE,70530BLDRL,72,deny
70619bldrl,MERGE,70619BLDRL,72,deny
501091,MERGE,501091,209,deny
70588bl,MERGE,70588BL,35,deny
19457,MERGE,19457,27,deny
30930,MERGE,30930,20,deny
12457,MERGE,12457,21,deny
19450,MERGE,19450,3,deny
21005,MERGE,21005,271,deny
48970,MERGE,48970,41,deny
74550,MERGE,74550,1,deny
10270,MERGE,10270,33,deny
21004,MERGE,21004,81,deny
23286_a,MERGE,23286_A,38,deny
21003,MERGE,21003,151,deny
689031,MERGE,689031,27,deny
60100,MERGE,60100,17,deny
743,MERGE,743,808,deny
74557,MERGE,74557,4,deny
25370,MERGE,25370,1,deny
92028,MERGE,92028,74,deny
26070,MERGE,26070,1,deny
10170,MERGE,10170,1,deny
10230a,MERGE,10230A,89,deny
25330,MERGE,25330,2,deny
25350,MERGE,25350,1,deny
21001,MERGE,21001,157,deny
10250,MERGE,10250,1,deny
26030,MERGE,26030,1,deny
10150,MERGE,10150,1,deny
26050,MERGE,26050,1,deny
54431,MERGE,54431,6,deny
12450,MERGE,12450,3,deny
10130a,MERGE,10130A,1,deny
689028,MERGE,689028,1,deny
680900,MERGE,680900,63,deny
rc52-6873,MERGE,RC52-6873,1,deny
92046,MERGE,92046,1,deny
92037,MERGE,92037,1,deny
33257,MERGE,33257,6,deny
689019,MERGE,689019,6,deny
33250,MERGE,33250,29,deny
689024,MERGE,689024,51,deny
37735,MERGE,37735,135,deny
21002,MERGE,21002,849,deny
84170lg,MERGE,84170LG,220,deny
10547,MERGE,10547,140,deny
10547pf,MERGE,10547PF,104,deny
50931,MERGE,50931,1,deny
50930,MERGE,50930,1,deny
98162012,MERGE,98162012,13,deny
10486,MERGE,10486,104,deny
rs166,MERGE,RS166,41,deny
rs167,MERGE,RS167,41,deny
51018,MERGE,51018,192,deny
4419a,MERGE,4419A,202,deny
10730,MERGE,10730,30,deny
689021,MERGE,689021,29,deny
89709,MERGE,89709,16,deny
91033,MERGE,91033,551,deny
91032,MERGE,91032,462,deny
91034,MERGE,91034,96,deny
91038,MERGE,91038,12,deny
97027,MERGE,97027,28,deny
97024,MERGE,97024,39,deny
689010,MERGE,689010,4,deny
94201013,MERGE,94201013,25,deny
10552pf,MERGE,10552PF,101,deny
93044,MERGE,93044,43,deny
10548pf,MERGE,10548PF,1,deny
10554pf,MERGE,10554PF,156,deny
10546pf,MERGE,10546PF,103,deny
10543pf,MERGE,10543PF,376,deny
84163,MERGE,84163,32001,deny
10543,MERGE,10543,492,deny
30270,MERGE,30270,45,deny
10555,MERGE,10555,302,deny
10555pf,MERGE,10555PF,289,deny
84168,MERGE,84168,585,deny
10546,MERGE,10546,103,deny
10553pf,MERGE,10553PF,16,deny
10552,MERGE,10552,101,deny
760743_f,MERGE,760743_F,1,deny
760743_a,MERGE,760743_A,1,deny
760760_a,MERGE,760760_A,76,deny
10551pf,MERGE,10551PF,38,deny
10481,MERGE,10481,376,deny
10482,MERGE,10482,278,deny
10551,MERGE,10551,38,deny
699010,MERGE,699010,6,deny
10480,MERGE,10480,275,deny
10485,MERGE,10485,1,deny
10484,MERGE,10484,495,deny
10483,MERGE,10483,16,deny
689014,MERGE,689014,1,deny
75850,MERGE,75850,1,deny
bst3000,MERGE,BST3000,66,deny
10626,MERGE,10626,277,deny
699014,MERGE,699014,17,deny
rs163,MERGE,RS163,74,deny
rs164,MERGE,RS164,74,deny
699021,MERGE,699021,44,deny
70063,MERGE,70063,31,deny
501023,MERGE,501023,43,deny
96002a,MERGE,96002A,34,deny
27270,MERGE,27270,10,deny
27220a,MERGE,27220A,16,deny
501074,MERGE,501074,21,deny
29730a,MERGE,29730A,10,deny
29770,MERGE,29770,10,deny
31430,MERGE,31430,1,deny
70067,MERGE,70067,25,deny
70068,MERGE,70068,8,deny
70066,MERGE,70066,16,deny
rs161,MERGE,RS161,123,deny
rs162,MERGE,RS162,12,deny
70069,MERGE,70069,31,deny
70065,MERGE,70065,31,deny
93053,MERGE,93053,50,deny
93049,MERGE,93049,317,deny
70920d,MERGE,70920D,14,deny
93051,MERGE,93051,185,deny
72930d,MERGE,72930D,40,deny
93052,MERGE,93052,50,deny
93004,MERGE,93004,50,deny
70831,MERGE,70831,25,deny
rc09031a,MERGE,RC09031A,17,deny
70833,MERGE,70833,25,deny
70832,MERGE,70832,25,deny
10787,MERGE,10787,1,deny
10788,MERGE,10788,61,deny
92023,MERGE,92023,13,deny
92025,MERGE,92025,6,deny
22932,MERGE,22932,1,deny
96005,MERGE,96005,36,deny
70070,MERGE,70070,94,deny
501085,MERGE,501085,165,deny
rs133,MERGE,RS133,360,deny
501058,MERGE,501058,167,deny
362.20,MERGE,362.20,220,deny
36270,MERGE,36270,28,deny
rs134,MERGE,RS134,72,deny
31012,MERGE,31012,250,deny
rs157a,MERGE,RS157A,22,deny
91430,MERGE,91430,93,deny
501064,MERGE,501064,111,deny
501082,MERGE,501082,144,deny
11008,MERGE,11008,6,deny
99011,MERGE,99011,261,deny
501076,MERGE,501076,108,deny
501054,MERGE,501054,120,deny
501050,MERGE,501050,143,deny
96003,MERGE,96003,38,deny
rch5100,MERGE,RCH5100,182,deny
n217-710,MERGE,N217-710,66,deny
n217-250,MERGE,N217-250,107,deny
117700,MERGE,117700,254,deny
501078,MERGE,501078,48,deny
94201011,MERGE,94201011,6,deny
10625,MERGE,10625,364,deny
76031,MERGE,76031,199,deny
41309650a,MERGE,41309650A,92,deny
70920bda,MERGE,70920BDA,43,deny
72950bd,MERGE,72950BD,1,deny
117610,MERGE,117610,221,deny
64930,MERGE,64930,55,deny
859870,MERGE,859870,10,deny
859670,MERGE,859670,10,deny
10496,MERGE,10496,91,deny
77130,MERGE,77130,65,deny
79-00017,MERGE,79-00017,131,deny
77131,MERGE,77131,15,deny
76631,MERGE,76631,227,deny
51013,MERGE,51013,34,deny
117710,MERGE,117710,205,deny
51014,MERGE,51014,19,deny
689018,MERGE,689018,25,deny
10623,MERGE,10623,76,deny
93032,MERGE,93032,16,deny
93031,MERGE,93031,16,deny
5084.1,MERGE,5084.1,36,deny
67070,MERGE,67070,1,deny
64870,MERGE,64870,21,deny
63070,MERGE,63070,1,deny
51017,MERGE,51017,1865,deny
59350,MERGE,59350,4,deny
59450,MERGE,59450,15,deny
59750,MERGE,59750,15,deny
70770,MERGE,70770,98,deny
70771,MERGE,70771,49,deny
760753_f,MERGE,760753_F,1,deny
58850,MERGE,58850,5,deny
760753_a,MERGE,760753_A,1,deny
670x70,MERGE,670X70,1,deny
58450,MERGE,58450,5,deny
630x70,MERGE,630X70,1,deny
59650,MERGE,59650,4,deny
93046,MERGE,93046,4,deny
50530,MERGE,50530,1,deny
50531,MERGE,50531,1,deny
10765,MERGE,10765,1,deny
501079a,MERGE,501079A,78,deny
91031,MERGE,91031,403,deny
91030,MERGE,91030,325,deny
22931d,MERGE,22931D,1,deny
75720,MERGE,75720,17,deny
28700a,MERGE,28700A,1,deny
21731d,MERGE,21731D,1,deny
37930,MERGE,37930,29,deny
98132012,MERGE,98132012,60,deny
98162032a,MERGE,98162032A,40,deny
501060,MERGE,501060,156,deny
98132010,MERGE,98132010,65,deny
70504,MERGE,70504,107,deny
70504bldrla,MERGE,70504BLDRLA,8,deny
70568,MERGE,70568,44,deny
70504bl,MERGE,70504BL,107,deny
10541,MERGE,10541,48,deny
70503bl,MERGE,70503BL,35,deny
70568bldrl,MERGE,70568BLDRL,44,deny
70568bl,MERGE,70568BL,44,deny
699016,MERGE,699016,3,deny
501029,MERGE,501029,366,deny
rs151,MERGE,RS151,10,deny
rs159,MERGE,RS159,10,deny
93201012,MERGE,93201012,1,deny
rs149,MERGE,RS149,48,deny
rs160,MERGE,RS160,48,deny
11004,MERGE,11004,13,deny
93209012,MERGE,93209012,100,deny
94201010,MERGE,94201010,36,deny
94201012,MERGE,94201012,95,deny
94209012,MERGE,94209012,119,deny
93201010,MERGE,93201010,3,deny
55971,MERGE,55971,1,deny
55950,MERGE,55950,1,deny
55951,MERGE,55951,1,deny
55930,MERGE,55930,12,deny
55931,MERGE,55931,1,deny
55970,MERGE,55970,12,deny
93035,MERGE,93035,6,deny
10094,MERGE,10094,22,deny
93034,MERGE,93034,6,deny
70052drl,MERGE,70052DRL,99,deny
70052drla,MERGE,70052DRLA,99,deny
10405,MERGE,10405,108,deny
23213_c,MERGE,23213_C,683,deny
23227_a,MERGE,23227_A,71,deny
93028,MERGE,93028,36,deny
93042,MERGE,93042,66,deny
41219500a,MERGE,41219500A,57,deny
93039,MERGE,93039,147,deny
97015,MERGE,97015,57,deny
92014,MERGE,92014,70,deny
92012,MERGE,92012,30,deny
92009,MERGE,92009,30,deny
92011,MERGE,92011,30,deny
92021,MERGE,92021,30,deny
36030,MERGE,36030,36,deny
38330,MERGE,38330,27,deny
93027,MERGE,93027,143,deny
93014,MERGE,93014,143,deny
rs124,MERGE,RS124,1,deny
36830,MERGE,36830,13,deny
rs150a,MERGE,RS150A,1,deny
rs158,MERGE,RS158,1,deny
24834,MERGE,24834,1,deny
58050,MERGE,58050,9,deny
58150,MERGE,58150,9,deny
11005,MERGE,11005,15,deny
57950,MERGE,57950,9,deny
57850,MERGE,57850,9,deny
20950,MERGE,20950,2,deny
28750,MERGE,28750,1,deny
10095,MERGE,10095,117,deny
28650,MERGE,28650,1,deny
20900,MERGE,20900,2,deny
28600,MERGE,28600,1,deny
92007,MERGE,92007,1,deny
rs118,MERGE,RS118,178,deny
rs119,MERGE,RS119,81,deny
rs129,MERGE,RS129,137,deny
50871,MERGE,50871,7,deny
50821,MERGE,50821,7,deny
56051,MERGE,56051,7,deny
56021,MERGE,56021,7,deny
50751,MERGE,50751,1,deny
56071,MERGE,56071,7,deny
50721,MERGE,50721,1,deny
50851,MERGE,50851,7,deny
50771,MERGE,50771,1,deny
52671,MERGE,52671,1,deny
52651,MERGE,52651,1,deny
52621,MERGE,52621,1,deny
55051,MERGE,55051,7,deny
50671,MERGE,50671,7,deny
50651,MERGE,50651,7,deny
50621,MERGE,50621,7,deny
55021,MERGE,55021,7,deny
55071,MERGE,55071,7,deny
51351,MERGE,51351,1,deny
51771,MERGE,51771,1,deny
50351,MERGE,50351,1,deny
51721,MERGE,51721,1,deny
51371,MERGE,51371,1,deny
50471,MERGE,50471,1,deny
51321,MERGE,51321,1,deny
50371,MERGE,50371,1,deny
50421,MERGE,50421,1,deny
50321,MERGE,50321,1,deny
51751,MERGE,51751,1,deny
50451,MERGE,50451,1,deny
63470,MERGE,63470,50,deny
63430a,MERGE,63430A,104,deny
709rrc,MERGE,709RRC,353,deny
97004,MERGE,97004,169,deny
501080,MERGE,501080,103,deny
97001,MERGE,97001,194,deny
70416abl,MERGE,70416ABL,113,deny
70700,MERGE,70700,62,deny
70700drl,MERGE,70700DRL,51,deny
70700drla,MERGE,70700DRLA,62,deny
500010,MERGE,500010,1,deny
50000,MERGE,50000,1,deny
70628drl,MERGE,70628DRL,33,deny
70762drla,MERGE,70762DRLA,33,deny
70762drl,MERGE,70762DRL,33,deny
70628drla,MERGE,70628DRLA,33,deny
92018,MERGE,92018,6,deny
22631,MERGE,22631,1,deny
59250,MERGE,59250,8,deny
58350,MERGE,58350,1,deny
rs130,MERGE,RS130,882,deny
59150,MERGE,59150,8,deny
59050,MERGE,59050,7,deny
29532,MERGE,29532,1,deny
58250,MERGE,58250,1,deny
70193drl,MERGE,70193DRL,6,deny
501066,MERGE,501066,83,deny
70193bda,MERGE,70193BDA,6,deny
70193,MERGE,70193,6,deny
70190,MERGE,70190,12,deny
70190drl,MERGE,70190DRL,12,deny
70190bda,MERGE,70190BDA,12,deny
10794,MERGE,10794,29,deny
96012,MERGE,96012,1,deny
96050,MERGE,96050,196,deny
96009,MERGE,96009,4,deny
96010,MERGE,96010,1,deny
rs144,MERGE,RS144,1,deny
rs152,MERGE,RS152,1,deny
70664drl,MERGE,70664DRL,14,deny
70664drla,MERGE,70664DRLA,11,deny
70665drl,MERGE,70665DRL,41,deny
70665drla,MERGE,70665DRLA,37,deny
99005,MERGE,99005,173,deny
55450,MERGE,55450,1,deny
55830,MERGE,55830,1,deny
55870,MERGE,55870,1,deny
55670,MERGE,55670,1,deny
55650,MERGE,55650,1,deny
55630,MERGE,55630,1,deny
55470,MERGE,55470,1,deny
51250,MERGE,51250,1,deny
51270,MERGE,51270,1,deny
55430,MERGE,55430,1,deny
55850,MERGE,55850,1,deny
51230,MERGE,51230,1,deny
rs156,MERGE,RS156,17,deny
66030,MERGE,66030,1,deny
22131,MERGE,22131,1,deny
rs148,MERGE,RS148,17,deny
70950bd,MERGE,70950BD,42,deny
699013,MERGE,699013,30,deny
689012,MERGE,689012,22,deny
689013,MERGE,689013,37,deny
501081,MERGE,501081,275,deny
76831,MERGE,76831,10,deny
rcz4125a,MERGE,RCZ4125A,56,deny
76830,MERGE,76830,33,deny
93022,MERGE,93022,18,deny
93017,MERGE,93017,1,deny
93023,MERGE,93023,18,deny
10618,MERGE,10618,25,deny
93025,MERGE,93025,18,deny
93024,MERGE,93024,18,deny
70829,MERGE,70829,32,deny
70793,MERGE,70793,54,deny
41319640a,MERGE,41319640A,1,deny
rs154,MERGE,RS154,8,deny
rs145,MERGE,RS145,24,deny
rs153,MERGE,RS153,24,deny
rs146,MERGE,RS146,8,deny
10617,MERGE,10617,37,deny
10619,MERGE,10619,25,deny
91029,MERGE,91029,110,deny
rs147,MERGE,RS147,1,deny
91028,MERGE,91028,100,deny
rs155,MERGE,RS155,1,deny
m-61505,MERGE,M-61505,13,deny
75257,MERGE,75257,1,deny
75457,MERGE,75457,23,deny
75450,MERGE,75450,30,deny
75130,MERGE,75130,1,deny
75330,MERGE,75330,32,deny
75250,MERGE,75250,1,deny
90761,MERGE,90761,54,deny
92006,MERGE,92006,56,deny
rs4500sa,MERGE,RS4500SA,361,deny
rs143,MERGE,RS143,98,deny
rs142,MERGE,RS142,112,deny
srb151977a,MERGE,SRB151977A,44,deny
10543_a,MERGE,10543_A,492,deny
10543_b,MERGE,10543_B,492,deny
70822,MERGE,70822,172,deny
70824,MERGE,70824,83,deny
70823,MERGE,70823,172,deny
99010,MERGE,99010,617,deny
10553,MERGE,10553,181,deny
rcd2080ccb,MERGE,RCD2080CCB,30,deny
10548,MERGE,10548,97,deny
33431,MERGE,33431,4,deny
33931,MERGE,33931,4,deny
41120690a,MERGE,41120690A,284,deny
41215500a,MERGE,41215500A,393,deny
41419650a,MERGE,41419650A,32,deny
501077,MERGE,501077,92,deny
10612,MERGE,10612,9,deny
10622,MERGE,10622,9,deny
11062,MERGE,11062,69,deny
92016,MERGE,92016,69,deny
91026a,MERGE,91026A,1,deny
501017,MERGE,501017,131,deny
699012,MERGE,699012,11,deny
91027a,MERGE,91027A,392,deny
10093,MERGE,10093,51,deny
70060,MERGE,70060,521,deny
70062,MERGE,70062,521,deny
70061,MERGE,70061,169,deny
4519a,MERGE,4519A,205,deny
10621,MERGE,10621,72,deny
91330,MERGE,91330,76,deny
23207_a,MERGE,23207_A,454,deny
23234_a,MERGE,23234_A,312,deny
760800_i,MERGE,760800_I,45,deny
760806_b,MERGE,760806_B,65,deny
760808_b,MERGE,760808_B,195,deny
760834_a,MERGE,760834_A,51,deny
760815_a,MERGE,760815_A,43,deny
760815_d,MERGE,760815_D,43,deny
760815_f,MERGE,760815_F,43,deny
760815_i,MERGE,760815_I,43,deny
760795_a,MERGE,760795_A,1,deny
760826_k,MERGE,760826_K,9,deny
760800_b,MERGE,760800_B,45,deny
760782_k,MERGE,760782_K,40,deny
760782_b,MERGE,760782_B,40,deny
760766_a,MERGE,760766_A,1,deny
760757_a,MERGE,760757_A,8,deny
760782_f,MERGE,760782_F,40,deny
760754_h,MERGE,760754_H,75,deny
760754_f,MERGE,760754_F,75,deny
760782_i,MERGE,760782_I,40,deny
760782_l,MERGE,760782_L,40,deny
760782_m,MERGE,760782_M,40,deny
760751_f,MERGE,760751_F,88,deny
760749_a,MERGE,760749_A,45,deny
760782_n,MERGE,760782_N,40,deny
760746_b,MERGE,760746_B,26,deny
760744_q,MERGE,760744_Q,170,deny
760744_m,MERGE,760744_M,170,deny
760744_g,MERGE,760744_G,170,deny
760744_d,MERGE,760744_D,170,deny
760757_e,MERGE,760757_E,8,deny
760782_e,MERGE,760782_E,40,deny
760757_f,MERGE,760757_F,8,deny
760780_a,MERGE,760780_A,1,deny
760771_g,MERGE,760771_G,197,deny
760771_h,MERGE,760771_H,197,deny
760773_a,MERGE,760773_A,40,deny
760773_b,MERGE,760773_B,40,deny
760775_b,MERGE,760775_B,15,deny
760776_a,MERGE,760776_A,33,deny
760782_a,MERGE,760782_A,40,deny
760782_d,MERGE,760782_D,40,deny
760763_d,MERGE,760763_D,19,deny
760763_a,MERGE,760763_A,19,deny
760761_d,MERGE,760761_D,158,deny
760782_c,MERGE,760782_C,40,deny
760757_g,MERGE,760757_G,8,deny
760744_a,MERGE,760744_A,170,deny
760782_o,MERGE,760782_O,40,deny
760782_r,MERGE,760782_R,40,deny
760739_f,MERGE,760739_F,62,deny
760738_b,MERGE,760738_B,65,deny
760738_h,MERGE,760738_H,65,deny
760738_k,MERGE,760738_K,65,deny
760739_b,MERGE,760739_B,62,deny
760739_c,MERGE,760739_C,62,deny
760782_s,MERGE,760782_S,40,deny
760789_i,MERGE,760789_I,52,deny
760789_h,MERGE,760789_H,52,deny
760783_f,MERGE,760783_F,28,deny
760782_t,MERGE,760782_T,40,deny
760782_u,MERGE,760782_U,40,deny
760782_w,MERGE,760782_W,40,deny
760789_g,MERGE,760789_G,52,deny
760783_e,MERGE,760783_E,28,deny
760783_a,MERGE,760783_A,28,deny
760783_h,MERGE,760783_H,28,deny
760740_j,MERGE,760740_J,103,deny
760740_i,MERGE,760740_I,103,deny
760789_a,MERGE,760789_A,52,deny
760789_c,MERGE,760789_C,52,deny
760789_f,MERGE,760789_F,52,deny
760763_e,MERGE,760763_E,19,deny
70411abl,MERGE,70411ABL,163,deny
22957,MERGE,22957,1,deny
22950,MERGE,22950,1,deny
27557,MERGE,27557,1,deny
27550,MERGE,27550,1,deny
rcm678,MERGE,RCM678,185,deny
23189_rc,MERGE,23189_RC,103,deny
501075,MERGE,501075,153,deny
93016,MERGE,93016,32,deny
23238_c,MERGE,23238_C,122,deny
23302_b,MERGE,23302_B,57,deny
96008,MERGE,96008,93,deny
96007,MERGE,96007,1,deny
90762,MERGE,90762,1,deny
27532,MERGE,27532,1,deny
21757,MERGE,21757,1,deny
21750,MERGE,21750,1,deny
66670,MERGE,66670,39,deny
67770,MERGE,67770,1,deny
66870,MERGE,66870,27,deny
66830,MERGE,66830,27,deny
21732,MERGE,21732,1,deny
75820,MERGE,75820,1,deny
75831,MERGE,75831,67,deny
47320550b,MERGE,47320550B,1,deny
47119651b,MERGE,47119651B,1,deny
47119551b,MERGE,47119551B,1,deny
47415500b,MERGE,47415500B,216,deny
47420500b,MERGE,47420500B,86,deny
47420600b,MERGE,47420600B,1,deny
47520501b,MERGE,47520501B,82,deny
47320650b,MERGE,47320650B,9,deny
47620500b,MERGE,47620500B,1,deny
47214651b,MERGE,47214651B,1,deny
47220651b,MERGE,47220651B,1,deny
47120651b,MERGE,47120651B,1,deny
501067,MERGE,501067,35,deny
47414550b,MERGE,47414550B,1,deny
501065,MERGE,501065,163,deny
47220550b,MERGE,47220550B,1,deny
47220500b,MERGE,47220500B,4,deny
47120580b,MERGE,47120580B,33,deny
47120650b,MERGE,47120650B,199,deny
47113550b,MERGE,47113550B,39,deny
92004,MERGE,92004,2,deny
84090sm,MERGE,84090SM,9,deny
92001,MERGE,92001,15,deny
91130,MERGE,91130,93,deny
10615,MERGE,10615,18,deny
501062m,MERGE,501062M,95,deny
10605,MERGE,10605,18,deny
23141_m,MERGE,23141_M,3126,deny
23141_n,MERGE,23141_N,3126,deny
rcz4915a,MERGE,RCZ4915A,179,deny
rcz4705a,MERGE,RCZ4705A,115,deny
rcz4620a,MERGE,RCZ4620A,641,deny
rcz4185a,MERGE,RCZ4185A,184,deny
rcz4115a,MERGE,RCZ4115A,49,deny
99000,MERGE,99000,3,deny
23139_a,MERGE,23139_A,103,deny
23271_e,MERGE,23271_E,137,deny
23184_b,MERGE,23184_B,24,deny
23189_a,MERGE,23189_A,103,deny
23188_i,MERGE,23188_I,325,deny
23188_f,MERGE,23188_F,325,deny
23188_d,MERGE,23188_D,325,deny
23186_a,MERGE,23186_A,5,deny
23184_i,MERGE,23184_I,24,deny
23184_h,MERGE,23184_H,24,deny
23184_g,MERGE,23184_G,24,deny
23184_f,MERGE,23184_F,24,deny
23184_e,MERGE,23184_E,24,deny
23184_d,MERGE,23184_D,24,deny
23250_a,MERGE,23250_A,54,deny
23184_c,MERGE,23184_C,24,deny
23182_m,MERGE,23182_M,95,deny
23180_a,MERGE,23180_A,14,deny
23182_l,MERGE,23182_L,95,deny
23182_k,MERGE,23182_K,95,deny
23182_j,MERGE,23182_J,95,deny
23182_i,MERGE,23182_I,95,deny
23274_o,MERGE,23274_O,310,deny
23182_h,MERGE,23182_H,95,deny
23182_g,MERGE,23182_G,95,deny
23182_f,MERGE,23182_F,95,deny
23182_d,MERGE,23182_D,95,deny
23182_c,MERGE,23182_C,95,deny
23182_a,MERGE,23182_A,95,deny
23274_w,MERGE,23274_W,310,deny
23180_b,MERGE,23180_B,14,deny
23189_e,MERGE,23189_E,103,deny
23273_b,MERGE,23273_B,52,deny
23273_a,MERGE,23273_A,52,deny
23271_g,MERGE,23271_G,137,deny
23250_c,MERGE,23250_C,54,deny
23197_a,MERGE,23197_A,40,deny
23196_f,MERGE,23196_F,68,deny
23196_b,MERGE,23196_B,68,deny
23196_a,MERGE,23196_A,68,deny
23193_h,MERGE,23193_H,665,deny
23193_g,MERGE,23193_G,665,deny
23193_f,MERGE,23193_F,665,deny
23193_e,MERGE,23193_E,665,deny
23193_c,MERGE,23193_C,665,deny
23193_a,MERGE,23193_A,665,deny
23192_j,MERGE,23192_J,222,deny
23192_h,MERGE,23192_H,222,deny
23225_j,MERGE,23225_J,158,deny
23192_g,MERGE,23192_G,222,deny
23192_f,MERGE,23192_F,222,deny
23192_e,MERGE,23192_E,222,deny
23192_a,MERGE,23192_A,222,deny
23191_i,MERGE,23191_I,115,deny
23271_f,MERGE,23271_F,137,deny
23191_h,MERGE,23191_H,115,deny
23191_f,MERGE,23191_F,115,deny
23191_e,MERGE,23191_E,115,deny
23191_a,MERGE,23191_A,115,deny
23190_a,MERGE,23190_A,252,deny
23250_b,MERGE,23250_B,54,deny
23189_f,MERGE,23189_F,103,deny
23139_b,MERGE,23139_B,103,deny
23179_c,MERGE,23179_C,19,deny
23197_c,MERGE,23197_C,40,deny
23284_a,MERGE,23284_A,265,deny
23283_a,MERGE,23283_A,81,deny
23169_e,MERGE,23169_E,175,deny
23283_b,MERGE,23283_B,81,deny
23169_a,MERGE,23169_A,175,deny
23168_b,MERGE,23168_B,102,deny
23167_b,MERGE,23167_B,121,deny
23167_a,MERGE,23167_A,121,deny
23166_c,MERGE,23166_C,127,deny
23166_b,MERGE,23166_B,127,deny
23166_a,MERGE,23166_A,127,deny
23283_e,MERGE,23283_E,81,deny
23247_d,MERGE,23247_D,49,deny
23283_f,MERGE,23283_F,81,deny
23284_b,MERGE,23284_B,265,deny
23179_b,MERGE,23179_B,19,deny
23285_a,MERGE,23285_A,94,deny
23285_b,MERGE,23285_B,94,deny
23288_a,MERGE,23288_A,1,deny
23247_c,MERGE,23247_C,49,deny
23247_b,MERGE,23247_B,49,deny
23288_b,MERGE,23288_B,1,deny
23289_a,MERGE,23289_A,22,deny
23247_a,MERGE,23247_A,49,deny
23291_a,MERGE,23291_A,305,deny
23244_g,MERGE,23244_G,58,deny
23291_d,MERGE,23291_D,305,deny
23291_f,MERGE,23291_F,305,deny
23291_h,MERGE,23291_H,305,deny
23282_b,MERGE,23282_B,7,deny
23170_a,MERGE,23170_A,87,deny
23171_a,MERGE,23171_A,226,deny
23171_f,MERGE,23171_F,226,deny
23179_a,MERGE,23179_A,19,deny
23178_d,MERGE,23178_D,693,deny
23178_b,MERGE,23178_B,693,deny
23178_a,MERGE,23178_A,693,deny
23176_f,MERGE,23176_F,426,deny
23176_e,MERGE,23176_E,426,deny
23217_a,MERGE,23217_A,375,deny
23247_g,MERGE,23247_G,49,deny
23275_a,MERGE,23275_A,137,deny
23275_b,MERGE,23275_B,137,deny
23276_c,MERGE,23276_C,148,deny
23176_d,MERGE,23176_D,426,deny
23247_f,MERGE,23247_F,49,deny
23176_a,MERGE,23176_A,426,deny
23247_e,MERGE,23247_E,49,deny
23175_d,MERGE,23175_D,11,deny
23175_b,MERGE,23175_B,11,deny
23280_a,MERGE,23280_A,10,deny
23175_a,MERGE,23175_A,11,deny
23174_e,MERGE,23174_E,394,deny
23174_b,MERGE,23174_B,394,deny
23174_a,MERGE,23174_A,394,deny
23173_c,MERGE,23173_C,263,deny
23173_b,MERGE,23173_B,263,deny
23173_a,MERGE,23173_A,263,deny
23172_a,MERGE,23172_A,149,deny
23171_g,MERGE,23171_G,226,deny
23197_b,MERGE,23197_B,40,deny
23197_d,MERGE,23197_D,40,deny
23165_f,MERGE,23165_F,382,deny
23204_v,MERGE,23204_V,359,deny
23209_h,MERGE,23209_H,1868,deny
23209_g,MERGE,23209_G,1868,deny
23209_c,MERGE,23209_C,1868,deny
23209_b,MERGE,23209_B,1868,deny
23208_a,MERGE,23208_A,210,deny
23207_b,MERGE,23207_B,454,deny
23206_b,MERGE,23206_B,152,deny
23205_b,MERGE,23205_B,40,deny
23269_q,MERGE,23269_Q,56,deny
23205_a,MERGE,23205_A,40,deny
23204_w,MERGE,23204_W,359,deny
23270_a,MERGE,23270_A,4,deny
23271_a,MERGE,23271_A,137,deny
23271_b,MERGE,23271_B,137,deny
23204_g,MERGE,23204_G,359,deny
23204_u,MERGE,23204_U,359,deny
23204_t,MERGE,23204_T,359,deny
23271_c,MERGE,23271_C,137,deny
23204_s,MERGE,23204_S,359,deny
23204_r,MERGE,23204_R,359,deny
23266_c,MERGE,23266_C,146,deny
23204_q,MERGE,23204_Q,359,deny
23204_p,MERGE,23204_P,359,deny
23204_o,MERGE,23204_O,359,deny
23204_n,MERGE,23204_N,359,deny
23204_k,MERGE,23204_K,359,deny
23204_j,MERGE,23204_J,359,deny
23204_i,MERGE,23204_I,359,deny
23210_a,MERGE,23210_A,1121,deny
23210_c,MERGE,23210_C,1121,deny
23210_d,MERGE,23210_D,1121,deny
23269_o,MERGE,23269_O,56,deny
23266_d,MERGE,23266_D,146,deny
23266_e,MERGE,23266_E,146,deny
23266_f,MERGE,23266_F,146,deny
23266_g,MERGE,23266_G,146,deny
23266_h,MERGE,23266_H,146,deny
23214_d,MERGE,23214_D,227,deny
23269_h,MERGE,23269_H,56,deny
23269_i,MERGE,23269_I,56,deny
23214_c,MERGE,23214_C,227,deny
23269_j,MERGE,23269_J,56,deny
23214_b,MERGE,23214_B,227,deny
23214_a,MERGE,23214_A,227,deny
23213_a,MERGE,23213_A,683,deny
23212_d,MERGE,23212_D,29,deny
23212_c,MERGE,23212_C,29,deny
23212_b,MERGE,23212_B,29,deny
23212_a,MERGE,23212_A,29,deny
23211_a,MERGE,23211_A,122,deny
23210_n,MERGE,23210_N,1121,deny
23210_m,MERGE,23210_M,1121,deny
23210_l,MERGE,23210_L,1121,deny
23210_j,MERGE,23210_J,1121,deny
23210_i,MERGE,23210_I,1121,deny
23269_l,MERGE,23269_L,56,deny
23210_h,MERGE,23210_H,1121,deny
23269_m,MERGE,23269_M,56,deny
23269_n,MERGE,23269_N,56,deny
23266_b,MERGE,23266_B,146,deny
23204_e,MERGE,23204_E,359,deny
23250_d,MERGE,23250_D,54,deny
23256_b,MERGE,23256_B,94,deny
23260_i,MERGE,23260_I,292,deny
23260_g,MERGE,23260_G,292,deny
23215_b,MERGE,23215_B,266,deny
23260_f,MERGE,23260_F,292,deny
23260_e,MERGE,23260_E,292,deny
23260_d,MERGE,23260_D,292,deny
23260_b,MERGE,23260_B,292,deny
23259_c,MERGE,23259_C,102,deny
23200_c,MERGE,23200_C,377,deny
23216_a,MERGE,23216_A,138,deny
23259_a,MERGE,23259_A,102,deny
23257_b,MERGE,23257_B,11,deny
23257_a,MERGE,23257_A,11,deny
23256_a,MERGE,23256_A,94,deny
23271_d,MERGE,23271_D,137,deny
23255_b,MERGE,23255_B,2,deny
23200_a,MERGE,23200_A,377,deny
23255_a,MERGE,23255_A,2,deny
23254_h,MERGE,23254_H,30,deny
23254_g,MERGE,23254_G,30,deny
23254_f,MERGE,23254_F,30,deny
23254_e,MERGE,23254_E,30,deny
23254_d,MERGE,23254_D,30,deny
23254_c,MERGE,23254_C,30,deny
23254_b,MERGE,23254_B,30,deny
23254_a,MERGE,23254_A,30,deny
23253_a,MERGE,23253_A,99,deny
23262_a,MERGE,23262_A,121,deny
23262_b,MERGE,23262_B,121,deny
23262_c,MERGE,23262_C,121,deny
23262_d,MERGE,23262_D,121,deny
23204_d,MERGE,23204_D,359,deny
23204_c,MERGE,23204_C,359,deny
23204_a,MERGE,23204_A,359,deny
23203_a,MERGE,23203_A,24,deny
23202_m,MERGE,23202_M,283,deny
23202_l,MERGE,23202_L,283,deny
23202_j,MERGE,23202_J,283,deny
23202_i,MERGE,23202_I,283,deny
23202_h,MERGE,23202_H,283,deny
23202_g,MERGE,23202_G,283,deny
23202_f,MERGE,23202_F,283,deny
23202_e,MERGE,23202_E,283,deny
23202_d,MERGE,23202_D,283,deny
23202_c,MERGE,23202_C,283,deny
23202_a,MERGE,23202_A,283,deny
23201_f,MERGE,23201_F,423,deny
23201_d,MERGE,23201_D,423,deny
23201_a,MERGE,23201_A,423,deny
23263_a,MERGE,23263_A,14,deny
23262_m,MERGE,23262_M,121,deny
23262_l,MERGE,23262_L,121,deny
23262_k,MERGE,23262_K,121,deny
23262_j,MERGE,23262_J,121,deny
23262_i,MERGE,23262_I,121,deny
23215_a,MERGE,23215_A,266,deny
23262_f,MERGE,23262_F,121,deny
23262_e,MERGE,23262_E,121,deny
23244_f,MERGE,23244_F,58,deny
23282_a,MERGE,23282_A,7,deny
23298_a,MERGE,23298_A,103,deny
23296_b,MERGE,23296_B,87,deny
23311_a,MERGE,23311_A,17,deny
23330_a,MERGE,23330_A,38,deny
23153_n,MERGE,23153_N,809,deny
23143_a,MERGE,23143_A,391,deny
23153_m,MERGE,23153_M,809,deny
23233_g,MERGE,23233_G,43,deny
23243_f,MERGE,23243_F,56,deny
23222_a,MERGE,23222_A,207,deny
23243_e,MERGE,23243_E,56,deny
23153_j,MERGE,23153_J,809,deny
23243_a,MERGE,23243_A,56,deny
23143_b,MERGE,23143_B,391,deny
23220_l,MERGE,23220_L,756,deny
23143_e,MERGE,23143_E,391,deny
23143_g,MERGE,23143_G,391,deny
23153_g,MERGE,23153_G,809,deny
23143_h,MERGE,23143_H,391,deny
23242_f,MERGE,23242_F,188,deny
23153_f,MERGE,23153_F,809,deny
23242_e,MERGE,23242_E,188,deny
23242_d,MERGE,23242_D,188,deny
23306_a,MERGE,23306_A,323,deny
23153_o,MERGE,23153_O,809,deny
23153_q,MERGE,23153_Q,809,deny
23158_c,MERGE,23158_C,1480,deny
23297_d,MERGE,23297_D,173,deny
23231_b,MERGE,23231_B,10,deny
23146_a,MERGE,23146_A,43,deny
23231_d,MERGE,23231_D,10,deny
23233_b,MERGE,23233_B,43,deny
23158_f,MERGE,23158_F,1480,deny
23299_a,MERGE,23299_A,93,deny
23158_e,MERGE,23158_E,1480,deny
23300_a,MERGE,23300_A,130,deny
23158_b,MERGE,23158_B,1480,deny
23153_r,MERGE,23153_R,809,deny
23302_a,MERGE,23302_A,57,deny
23303_a,MERGE,23303_A,251,deny
23233_c,MERGE,23233_C,43,deny
23304_a,MERGE,23304_A,363,deny
23304_b,MERGE,23304_B,363,deny
23305_a,MERGE,23305_A,101,deny
23158_a,MERGE,23158_A,1480,deny
23157_a,MERGE,23157_A,768,deny
23155_a,MERGE,23155_A,508,deny
23143_i,MERGE,23143_I,391,deny
23143_k,MERGE,23143_K,391,deny
23220_m,MERGE,23220_M,756,deny
23237_h,MERGE,23237_H,65,deny
23148_c,MERGE,23148_C,356,deny
23221_e,MERGE,23221_E,746,deny
23221_d,MERGE,23221_D,746,deny
23221_c,MERGE,23221_C,746,deny
23148_b,MERGE,23148_B,356,deny
23148_a,MERGE,23148_A,356,deny
23238_a,MERGE,23238_A,122,deny
23220_s,MERGE,23220_S,756,deny
23220_t,MERGE,23220_T,756,deny
23220_u,MERGE,23220_U,756,deny
23238_f,MERGE,23238_F,122,deny
23147_b,MERGE,23147_B,118,deny
23220_w,MERGE,23220_W,756,deny
23146_f,MERGE,23146_F,43,deny
23221_a,MERGE,23221_A,746,deny
23236_a,MERGE,23236_A,101,deny
23237_a,MERGE,23237_A,65,deny
23237_g,MERGE,23237_G,65,deny
23237_f,MERGE,23237_F,65,deny
23237_b,MERGE,23237_B,65,deny
23238_e,MERGE,23238_E,122,deny
23239_a,MERGE,23239_A,32,deny
23153_e,MERGE,23153_E,809,deny
23239_g,MERGE,23239_G,32,deny
23153_d,MERGE,23153_D,809,deny
23153_b,MERGE,23153_B,809,deny
23153_a,MERGE,23153_A,809,deny
23242_a,MERGE,23242_A,188,deny
23144_a,MERGE,23144_A,634,deny
23152_rc,MERGE,23152_RC,412,deny
23150_a,MERGE,23150_A,121,deny
23149_a,MERGE,23149_A,209,deny
23241_a,MERGE,23241_A,17,deny
23239_f,MERGE,23239_F,32,deny
23148_d,MERGE,23148_D,356,deny
23239_d,MERGE,23239_D,32,deny
23148_j,MERGE,23148_J,356,deny
23148_i,MERGE,23148_I,356,deny
23148_f,MERGE,23148_F,356,deny
23148_e,MERGE,23148_E,356,deny
23239_c,MERGE,23239_C,32,deny
23220_n,MERGE,23220_N,756,deny
23220_o,MERGE,23220_O,756,deny
23220_r,MERGE,23220_R,756,deny
23160_a,MERGE,23160_A,270,deny
23237_e,MERGE,23237_E,65,deny
23160_c,MERGE,23160_C,270,deny
23244_c,MERGE,23244_C,58,deny
23219_b,MERGE,23219_B,164,deny
23219_c,MERGE,23219_C,164,deny
23220_a,MERGE,23220_A,756,deny
23220_b,MERGE,23220_B,756,deny
23244_e,MERGE,23244_E,58,deny
23244_d,MERGE,23244_D,58,deny
23225_n,MERGE,23225_N,158,deny
23220_c,MERGE,23220_C,756,deny
23244_a,MERGE,23244_A,58,deny
23161_i,MERGE,23161_I,564,deny
23225_e,MERGE,23225_E,158,deny
23220_d,MERGE,23220_D,756,deny
23160_f,MERGE,23160_F,270,deny
23164_a,MERGE,23164_A,45,deny
23293_g,MERGE,23293_G,115,deny
23161_k,MERGE,23161_K,564,deny
23161_j,MERGE,23161_J,564,deny
23219_a,MERGE,23219_A,164,deny
23218_a,MERGE,23218_A,263,deny
23217_b,MERGE,23217_B,375,deny
23293_f,MERGE,23293_F,115,deny
23165_c,MERGE,23165_C,382,deny
23139_c,MERGE,23139_C,103,deny
23140_a,MERGE,23140_A,156,deny
23141_a,MERGE,23141_A,3126,deny
23225_l,MERGE,23225_L,158,deny
23141_b,MERGE,23141_B,3126,deny
23141_c,MERGE,23141_C,3126,deny
23141_d,MERGE,23141_D,3126,deny
23291_i,MERGE,23291_I,305,deny
23292_a,MERGE,23292_A,721,deny
23292_c,MERGE,23292_C,721,deny
23292_d,MERGE,23292_D,721,deny
23293_a,MERGE,23293_A,115,deny
23293_d,MERGE,23293_D,115,deny
23293_e,MERGE,23293_E,115,deny
23141_e,MERGE,23141_E,3126,deny
23225_m,MERGE,23225_M,158,deny
23225_d,MERGE,23225_D,158,deny
23165_b,MERGE,23165_B,382,deny
23161_h,MERGE,23161_H,564,deny
23141_i,MERGE,23141_I,3126,deny
23220_k,MERGE,23220_K,756,deny
23141_f,MERGE,23141_F,3126,deny
23141_g,MERGE,23141_G,3126,deny
23230_a,MERGE,23230_A,29,deny
23141_h,MERGE,23141_H,3126,deny
23230_b,MERGE,23230_B,29,deny
23161_a,MERGE,23161_A,564,deny
23230_c,MERGE,23230_C,29,deny
23141_j,MERGE,23141_J,3126,deny
23229_a,MERGE,23229_A,161,deny
23141_k,MERGE,23141_K,3126,deny
23160_i,MERGE,23160_I,270,deny
23230_d,MERGE,23230_D,29,deny
23230_e,MERGE,23230_E,29,deny
23296_a,MERGE,23296_A,87,deny
23141_l,MERGE,23141_L,3126,deny
23160_h,MERGE,23160_H,270,deny
23160_g,MERGE,23160_G,270,deny
23220_i,MERGE,23220_I,756,deny
23222_b,MERGE,23222_B,207,deny
23161_d,MERGE,23161_D,564,deny
23161_f,MERGE,23161_F,564,deny
23228_a,MERGE,23228_A,9,deny
23220_e,MERGE,23220_E,756,deny
23223_a,MERGE,23223_A,788,deny
23225_a,MERGE,23225_A,158,deny
23225_o,MERGE,23225_O,158,deny
23220_f,MERGE,23220_F,756,deny
23223_b,MERGE,23223_B,788,deny
23161_e,MERGE,23161_E,564,deny
501028,MERGE,501028,161,deny
70980,MERGE,70980,1022,deny
rs132,MERGE,RS132,5,deny
10523,MERGE,10523,101,deny
rs131a,MERGE,RS131A,221,deny
959430,MERGE,959430,161,deny
9594,MERGE,9594,670,deny
501139,MERGE,501139,747,deny
57557,MERGE,57557,1,deny
67470,MERGE,67470,1,deny
71007,MERGE,71007,346,deny
1321,MERGE,1321,43,deny
rc0504,MERGE,RC0504,158,deny
68270,MERGE,68270,11,deny
71011,MERGE,71011,130,deny
71024,MERGE,71024,54,deny
71026,MERGE,71026,331,deny
67370,MERGE,67370,3,deny
68170,MERGE,68170,26,deny
22630,MERGE,22630,1,deny
10616,MERGE,10616,8,deny
49470,MERGE,49470,29,deny
49370,MERGE,49370,1,deny
49270,MERGE,49270,1,deny
10613,MERGE,10613,368,deny
10604,MERGE,10604,458,deny
501026m,MERGE,501026M,16,deny
501027m,MERGE,501027M,76,deny
84180,MERGE,84180,281,deny
9161832ch,MERGE,9161832CH,104,deny
1212524ch,MERGE,1212524CH,26,deny
1212524choe,MERGE,1212524CHOE,123,deny
121524blk,MERGE,121524BLK,1,deny
121524ch,MERGE,121524CH,338,deny
121524choe,MERGE,121524CHOE,38,deny
122024ch,MERGE,122024CH,452,deny
502024blk,MERGE,502024BLK,845,deny
122024choe,MERGE,122024CHOE,15,deny
1212524blk,MERGE,1212524BLK,121,deny
5631832blk,MERGE,5631832BLK,475,deny
9161832choe,MERGE,9161832CHOE,87,deny
142032choe,MERGE,142032CHOE,10,deny
142032blk,MERGE,142032BLK,186,deny
142024choe,MERGE,142024CHOE,29,deny
142024ch,MERGE,142024CH,109,deny
142024blk,MERGE,142024BLK,185,deny
141532choe,MERGE,141532CHOE,100,deny
141532ch,MERGE,141532CH,116,deny
141524blk,MERGE,141524BLK,1880,deny
141532blk,MERGE,141532BLK,685,deny
142032ch,MERGE,142032CH,74,deny
141524choe,MERGE,141524CHOE,144,deny
141524ch,MERGE,141524CH,448,deny
90045,MERGE,90045,16,deny
70817,MERGE,70817,255,deny
70818,MERGE,70818,40,deny
57431,MERGE,57431,1,deny
10784,MERGE,10784,6,deny
rs140,MERGE,RS140,3,deny
91025,MERGE,91025,19,deny
91024,MERGE,91024,217,deny
10539,MERGE,10539,19,deny
8732230,MERGE,8732230,290,deny
70410a,MERGE,70410A,40,deny
71014,MERGE,71014,41,deny
71016,MERGE,71016,41,deny
71019,MERGE,71019,57,deny
70410abl,MERGE,70410ABL,427,deny
70406abl,MERGE,70406ABL,378,deny
rcj1980tb,MERGE,RCJ1980TB,35,deny
54170,MERGE,54170,1,deny
54070,MERGE,54070,1,deny
53970,MERGE,53970,1,deny
59270,MERGE,59270,8,deny
53650,MERGE,53650,1,deny
53950,MERGE,53950,1,deny
59070,MERGE,59070,7,deny
53870,MERGE,53870,1,deny
54270,MERGE,54270,1,deny
592.20,MERGE,592.20,8,deny
53850,MERGE,53850,1,deny
59770,MERGE,59770,15,deny
53670,MERGE,53670,1,deny
590.20,MERGE,590.20,7,deny
591.20,MERGE,591.20,8,deny
53770,MERGE,53770,1,deny
59670,MERGE,59670,4,deny
59170,MERGE,59170,8,deny
57970,MERGE,57970,9,deny
53750,MERGE,53750,1,deny
58870,MERGE,58870,5,deny
58470,MERGE,58470,5,deny
59370,MERGE,59370,4,deny
58370,MERGE,58370,1,deny
58270,MERGE,58270,1,deny
57870,MERGE,57870,9,deny
58170,MERGE,58170,9,deny
54370,MERGE,54370,1,deny
59470,MERGE,59470,15,deny
58070,MERGE,58070,9,deny
58970,MERGE,58970,9,deny
53370,MERGE,53370,25,deny
56570,MERGE,56570,9,deny
52770,MERGE,52770,9,deny
52970,MERGE,52970,8,deny
53470,MERGE,53470,1,deny
53070,MERGE,53070,1,deny
53170,MERGE,53170,25,deny
53270,MERGE,53270,9,deny
56370,MERGE,56370,17,deny
55170,MERGE,55170,8,deny
56670,MERGE,56670,25,deny
56770,MERGE,56770,9,deny
54870,MERGE,54870,8,deny
54970,MERGE,54970,8,deny
56470,MERGE,56470,25,deny
47870,MERGE,47870,15,deny
501003,MERGE,501003,59,deny
56070,MERGE,56070,7,deny
55070,MERGE,55070,15,deny
52670,MERGE,52670,1,deny
47850,MERGE,47850,15,deny
50670,MERGE,50670,15,deny
57231,MERGE,57231,29,deny
57230,MERGE,57230,47,deny
50870,MERGE,50870,7,deny
55330,MERGE,55330,62,deny
50770,MERGE,50770,1,deny
478.20,MERGE,478.20,15,deny
110602,MERGE,110602,160,deny
10583,MERGE,10583,330,deny
78849,MERGE,78849,46,deny
78860,MERGE,78860,567,deny
10603,MERGE,10603,4,deny
501001,MERGE,501001,185,deny
70668,MERGE,70668,145,deny
70964,MERGE,70964,208,deny
501061,MERGE,501061,1,deny
90530,MERGE,90530,11,deny
10584,MERGE,10584,1,deny
90930,MERGE,90930,11,deny
10560,MERGE,10560,1,deny
62830,MERGE,62830,1,deny
62930,MERGE,62930,1,deny
62730,MERGE,62730,1,deny
m-51002,MERGE,M-51002,36,deny
rcm672,MERGE,RCM672,83,deny
rcm675,MERGE,RCM675,148,deny
rcm677,MERGE,RCM677,183,deny
30430,MERGE,30430,71,deny
29857,MERGE,29857,1,deny
9232,MERGE,9232,115,deny
90400,MERGE,90400,14,deny
50370,MERGE,50370,1,deny
55130,MERGE,55130,69,deny
51770,MERGE,51770,1,deny
50470,MERGE,50470,1,deny
51370,MERGE,51370,1,deny
57330,MERGE,57330,34,deny
34370,MERGE,34370,35,deny
1319,MERGE,1319,122,deny
10786b,MERGE,10786B,1,deny
66970,MERGE,66970,9,deny
69470,MERGE,69470,19,deny
67970,MERGE,67970,9,deny
69370,MERGE,69370,8,deny
67870,MERGE,67870,9,deny
67670,MERGE,67670,8,deny
26357,MERGE,26357,29,deny
26350,MERGE,26350,10,deny
57331,MERGE,57331,29,deny
95970,MERGE,95970,1,deny
26457,MERGE,26457,54,deny
10783,MERGE,10783,25,deny
10785,MERGE,10785,1,deny
55757,MERGE,55757,76,deny
760751_c,MERGE,760751_C,88,deny
760762_f,MERGE,760762_F,76,deny
760762_d,MERGE,760762_D,76,deny
760762_a,MERGE,760762_A,76,deny
760754_e,MERGE,760754_E,75,deny
760754_a,MERGE,760754_A,75,deny
760752_a,MERGE,760752_A,59,deny
760744_j,MERGE,760744_J,170,deny
760750_a,MERGE,760750_A,26,deny
760744_o,MERGE,760744_O,170,deny
760744_n,MERGE,760744_N,170,deny
760771_c,MERGE,760771_C,197,deny
760744_f,MERGE,760744_F,170,deny
760744_e,MERGE,760744_E,170,deny
760771_b,MERGE,760771_B,197,deny
760799_a,MERGE,760799_A,115,deny
760791_a,MERGE,760791_A,106,deny
760791_c,MERGE,760791_C,106,deny
760797_a,MERGE,760797_A,31,deny
760740_f,MERGE,760740_F,103,deny
760805_b,MERGE,760805_B,234,deny
760806_a,MERGE,760806_A,65,deny
760807_a,MERGE,760807_A,94,deny
760808_a,MERGE,760808_A,195,deny
760809_a,MERGE,760809_A,39,deny
760818_d,MERGE,760818_D,123,deny
760826_a,MERGE,760826_A,9,deny
760826_b,MERGE,760826_B,9,deny
760826_g,MERGE,760826_G,9,deny
760826_h,MERGE,760826_H,9,deny
760826_i,MERGE,760826_I,9,deny
760744_b,MERGE,760744_B,170,deny
760826_e,MERGE,760826_E,9,deny
760740_b,MERGE,760740_B,103,deny
760740_d,MERGE,760740_D,103,deny
760738_i,MERGE,760738_I,65,deny
760738_j,MERGE,760738_J,65,deny
760738_l,MERGE,760738_L,65,deny
760738_m,MERGE,760738_M,65,deny
760738_n,MERGE,760738_N,65,deny
760740_a,MERGE,760740_A,103,deny
760738_f,MERGE,760738_F,65,deny
760740_c,MERGE,760740_C,103,deny
760738_g,MERGE,760738_G,65,deny
760740_e,MERGE,760740_E,103,deny
91023,MERGE,91023,59,deny
91021a,MERGE,91021A,59,deny
760738_d,MERGE,760738_D,65,deny
50170,MERGE,50170,76,deny
91022,MERGE,91022,876,deny
49670,MERGE,49670,1,deny
760738_c,MERGE,760738_C,65,deny
760738_a,MERGE,760738_A,65,deny
49570,MERGE,49570,76,deny
18757,MERGE,18757,9,deny
22857,MERGE,22857,8,deny
23757,MERGE,23757,9,deny
49770,MERGE,49770,1,deny
10779,MERGE,10779,1,deny
17457,MERGE,17457,8,deny
rc614,MERGE,RC614,75,deny
501068,MERGE,501068,780,deny
57031,MERGE,57031,185,deny
rcj1846b,MERGE,RCJ1846B,25,deny
70808,MERGE,70808,97,deny
70809,MERGE,70809,40,deny
rcm683,MERGE,RCM683,2192,deny
rcm685,MERGE,RCM685,1241,deny
rcm673,MERGE,RCM673,350,deny
rcm679,MERGE,RCM679,185,deny
501070,MERGE,501070,18,deny
501034,MERGE,501034,208,deny
501035,MERGE,501035,87,deny
70815,MERGE,70815,33,deny
72730bldrl,MERGE,72730BLDRL,1,deny
501051c,MERGE,501051C,78,deny
10562,MERGE,10562,72,deny
70730bldrl,MERGE,70730BLDRL,72,deny
70728bldrl,MERGE,70728BLDRL,50,deny
70720bldrl,MERGE,70720BLDRL,129,deny
51007,MERGE,51007,5,deny
62100,MERGE,62100,34,deny
501063,MERGE,501063,1372,deny
501052,MERGE,501052,44,deny
70718bldrl,MERGE,70718BLDRL,23,deny
10602,MERGE,10602,7,deny
70750bldrl,MERGE,70750BLDRL,16,deny
70712bldrl,MERGE,70712BLDRL,190,deny
501032,MERGE,501032,127,deny
501031,MERGE,501031,29,deny
501069,MERGE,501069,329,deny
10092,MERGE,10092,381,deny
10091,MERGE,10091,251,deny
10090,MERGE,10090,181,deny
73100,MERGE,73100,1,deny
91012,MERGE,91012,17,deny
63400,MERGE,63400,104,deny
501055,MERGE,501055,147,deny
501084,MERGE,501084,390,deny
501130,MERGE,501130,669,deny
10774,MERGE,10774,59,deny
10497a,MERGE,10497A,14,deny
10498a,MERGE,10498A,98,deny
10499,MERGE,10499,14,deny
23733,MERGE,23733,25,deny
rs139,MERGE,RS139,365,deny
23750,MERGE,23750,9,deny
rs138,MERGE,RS138,141,deny
29900,MERGE,29900,1,deny
91020,MERGE,91020,42,deny
rcf1981ccb,MERGE,RCF1981CCB,13,deny
5068.1,MERGE,5068.1,7,deny
n217-130,MERGE,N217-130,19,deny
501059,MERGE,501059,72,deny
70229,MERGE,70229,30,deny
70222,MERGE,70222,1,deny
41308650a,MERGE,41308650A,77,deny
10534,MERGE,10534,69,deny
m-6125,MERGE,M-6125,58,deny
10538,MERGE,10538,1,deny
95950,MERGE,95950,24,deny
41308550a,MERGE,41308550A,872,deny
39830,MERGE,39830,1,deny
srb01900b,MERGE,SRB01900B,10,deny
18750,MERGE,18750,9,deny
m-6120,MERGE,M-6120,51,deny
10015,MERGE,10015,417,deny
10567,MERGE,10567,117,deny
10764,MERGE,10764,15,deny
10568,MERGE,10568,17,deny
10582,MERGE,10582,36,deny
10402,MERGE,10402,259,deny
10403,MERGE,10403,77,deny
689011,MERGE,689011,15,deny
699011,MERGE,699011,90,deny
10598,MERGE,10598,14,deny
51006,MERGE,51006,8,deny
51004,MERGE,51004,6,deny
70798,MERGE,70798,111,deny
31007,MERGE,31007,15,deny
8736430,MERGE,8736430,190,deny
70797,MERGE,70797,99,deny
1101red,MERGE,1101RED,507,deny
10770,MERGE,10770,1,deny
90005_a,MERGE,90005_A,61,deny
1317,MERGE,1317,767,deny
50100,MERGE,50100,815,deny
51005,MERGE,51005,1,deny
70796,MERGE,70796,111,deny
51003,MERGE,51003,4,deny
70799,MERGE,70799,111,deny
85120,MERGE,85120,108,deny
959331,MERGE,959331,219,deny
srb01950a,MERGE,SRB01950A,388,deny
22931,MERGE,22931,1,deny
10554,MERGE,10554,156,deny
10529,MERGE,10529,488,deny
70133bl,MERGE,70133BL,231,deny
70113bl,MERGE,70113BL,206,deny
84089sm,MERGE,84089SM,45,deny
84089lg,MERGE,84089LG,97,deny
70784,MERGE,70784,29,deny
70783,MERGE,70783,204,deny
840892xl,MERGE,840892XL,53,deny
840893xl,MERGE,840893XL,51,deny
84089xl,MERGE,84089XL,13,deny
84089md,MERGE,84089MD,44,deny
10595,MERGE,10595,1,deny
10596,MERGE,10596,1,deny
27130,MERGE,27130,12,deny
699007,MERGE,699007,63,deny
41307550a,MERGE,41307550A,351,deny
27531,MERGE,27531,1,deny
10002,MERGE,10002,58,deny
51800,MERGE,51800,11,deny
10599,MERGE,10599,6,deny
10601,MERGE,10601,56,deny
10600,MERGE,10600,56,deny
78530a,MERGE,78530A,1,deny
10561,MERGE,10561,13,deny
70406a,MERGE,70406A,29,deny
70707bl,MERGE,70707BL,136,deny
70905drl,MERGE,70905DRL,143,deny
70786,MERGE,70786,47,deny
60400,MERGE,60400,98,deny
70787,MERGE,70787,27,deny
70057,MERGE,70057,18,deny
70954,MERGE,70954,73,deny
84126,MERGE,84126,116,deny
84120,MERGE,84120,84,deny
84125,MERGE,84125,91,deny
84121,MERGE,84121,131,deny
84123,MERGE,84123,105,deny
84122,MERGE,84122,57,deny
84124,MERGE,84124,92,deny
31006,MERGE,31006,6,deny
m-60200,MERGE,M-60200,69,deny
29531a,MERGE,29531A,50,deny
51930,MERGE,51930,13,deny
70779drl,MERGE,70779DRL,50,deny
70779drla,MERGE,70779DRLA,37,deny
91017,MERGE,91017,1,deny
91018,MERGE,91018,1014,deny
91016,MERGE,91016,814,deny
10778,MERGE,10778,31,deny
6501red,MERGE,6501RED,70,deny
6503red,MERGE,6503RED,51,deny
66630,MERGE,66630,62,deny
33930a,MERGE,33930A,4,deny
69131,MERGE,69131,11,deny
69031,MERGE,69031,11,deny
91004f,MERGE,91004F,40,deny
10777,MERGE,10777,7,deny
rs126,MERGE,RS126,1264,deny
10550a,MERGE,10550A,1,deny
60300,MERGE,60300,455,deny
16230,MERGE,16230,1,deny
16330,MERGE,16330,1,deny
35330,MERGE,35330,3,deny
21731,MERGE,21731,1,deny
71106a,MERGE,71106A,77,deny
10775,MERGE,10775,59,deny
rc704,MERGE,RC704,18,deny
78600u,MERGE,78600U,1,deny
70904,MERGE,70904,54,deny
70912bd,MERGE,70912BD,208,deny
72940bd,MERGE,72940BD,39,deny
72930bd,MERGE,72930BD,121,deny
70930bd,MERGE,70930BD,31,deny
72930bda,MERGE,72930BDA,40,deny
70920bd,MERGE,70920BD,132,deny
rs121,MERGE,RS121,935,deny
70950bda,MERGE,70950BDA,8,deny
72954bd,MERGE,72954BD,1,deny
84167,MERGE,84167,6490,deny
70903blkdrla,MERGE,70903BLKDRLA,2258,deny
70903blkdrl,MERGE,70903BLKDRL,169,deny
70803blkdrla,MERGE,70803BLKDRLA,1,deny
70803blkdrl,MERGE,70803BLKDRL,32,deny
rcc1980ccb,MERGE,RCC1980CCB,111,deny
rct1360b,MERGE,RCT1360B,62,deny
m-71770,MERGE,M-71770,50,deny
91010,MERGE,91010,204,deny
70780,MERGE,70780,14,deny
70779,MERGE,70779,50,deny
70781,MERGE,70781,11,deny
1313,MERGE,1313,347,deny
91019,MERGE,91019,420,deny
91014,MERGE,91014,14,deny
91013,MERGE,91013,224,deny
70055,MERGE,70055,31,deny
840872xl,MERGE,840872XL,14,deny
84087lg,MERGE,84087LG,96,deny
84087md,MERGE,84087MD,33,deny
84087sm,MERGE,84087SM,43,deny
84087xlg,MERGE,84087XLG,32,deny
84085md,MERGE,84085MD,59,deny
840852xl,MERGE,840852XL,63,deny
84086md,MERGE,84086MD,21,deny
84085xlg,MERGE,84085XLG,59,deny
84086xlg,MERGE,84086XLG,39,deny
840863xl,MERGE,840863XL,33,deny
84085sm,MERGE,84085SM,44,deny
31005,MERGE,31005,42,deny
10589,MERGE,10589,91,deny
840862xl,MERGE,840862XL,49,deny
84086lg,MERGE,84086LG,22,deny
840853xl,MERGE,840853XL,35,deny
31004,MERGE,31004,262,deny
84085lg,MERGE,84085LG,17,deny
10533,MERGE,10533,156,deny
10531,MERGE,10531,188,deny
10532,MERGE,10532,162,deny
78630a,MERGE,78630A,1,deny
1152,MERGE,1152,20,deny
33430a,MERGE,33430A,4,deny
12432,MERGE,12432,14,deny
569red,MERGE,569RED,344,deny
568red,MERGE,568RED,8,deny
12430,MERGE,12430,24,deny
41214650a,MERGE,41214650A,204,deny
41214550a,MERGE,41214550A,251,deny
76530red,MERGE,76530RED,29,deny
761red,MERGE,761RED,15,deny
762red,MERGE,762RED,18,deny
90009,MERGE,90009,1,deny
90015,MERGE,90015,166,deny
90016,MERGE,90016,14,deny
90017,MERGE,90017,28,deny
90019,MERGE,90019,19,deny
90020,MERGE,90020,8,deny
90043,MERGE,90043,1,deny
90047,MERGE,90047,253,deny
90007,MERGE,90007,1,deny
90008,MERGE,90008,1,deny
90005,MERGE,90005,61,deny
90006,MERGE,90006,1,deny
11930,MERGE,11930,24,deny
11932,MERGE,11932,12,deny
88000,MERGE,88000,1142,deny
10573,MERGE,10573,33,deny
10572,MERGE,10572,125,deny
30300,MERGE,30300,233,deny
54150,MERGE,54150,1,deny
541.20,MERGE,541.20,1,deny
54050,MERGE,54050,1,deny
540.20,MERGE,540.20,1,deny
56650,MERGE,56650,25,deny
53350,MERGE,53350,25,deny
56550,MERGE,56550,9,deny
56450,MERGE,56450,25,deny
533.20,MERGE,533.20,25,deny
53250,MERGE,53250,9,deny
53150,MERGE,53150,25,deny
531.20,MERGE,531.20,25,deny
53050,MERGE,53050,1,deny
542.20,MERGE,542.20,1,deny
58950,MERGE,58950,9,deny
53450,MERGE,53450,1,deny
52950,MERGE,52950,8,deny
529.20,MERGE,529.20,8,deny
52750,MERGE,52750,9,deny
56750,MERGE,56750,9,deny
548.20,MERGE,548.20,8,deny
54250,MERGE,54250,1,deny
549.20,MERGE,549.20,8,deny
551.20,MERGE,551.20,8,deny
543.20,MERGE,543.20,1,deny
55150,MERGE,55150,8,deny
54950,MERGE,54950,8,deny
54350,MERGE,54350,1,deny
54850,MERGE,54850,8,deny
10773,MERGE,10773,1,deny
10565,MERGE,10565,1,deny
10577_a,MERGE,10577_A,15,deny
10577,MERGE,10577,15,deny
10580,MERGE,10580,9,deny
10579,MERGE,10579,9,deny
10578,MERGE,10578,9,deny
10581,MERGE,10581,9,deny
71100a,MERGE,71100A,14,deny
10571,MERGE,10571,2,deny
50350,MERGE,50350,1,deny
56050,MERGE,56050,7,deny
55050,MERGE,55050,15,deny
50850,MERGE,50850,7,deny
50450,MERGE,50450,1,deny
50750,MERGE,50750,1,deny
110504,MERGE,110504,2,deny
52650,MERGE,52650,1,deny
51350,MERGE,51350,1,deny
50650,MERGE,50650,15,deny
51750,MERGE,51750,1,deny
rs102,MERGE,RS102,251,deny
rs101,MERGE,RS101,1528,deny
699004,MERGE,699004,93,deny
699005,MERGE,699005,11,deny
6507,MERGE,6507,22,deny
6509,MERGE,6509,53,deny
699002_a,MERGE,699002_A,15,deny
689004_a,MERGE,689004_A,95,deny
530.20,MERGE,530.20,1,deny
rs135,MERGE,RS135,209,deny
1094ared,MERGE,1094ARED,728,deny
1099red,MERGE,1099RED,258,deny
1100red,MERGE,1100RED,118,deny
1095red,MERGE,1095RED,1,deny
1090red,MERGE,1090RED,184,deny
1092red,MERGE,1092RED,48,deny
10087,MERGE,10087,181,deny
10086,MERGE,10086,56,deny
10089,MERGE,10089,293,deny
70775,MERGE,70775,14,deny
70776,MERGE,70776,11,deny
70216,MERGE,70216,2,deny
70213,MERGE,70213,47,deny
70773,MERGE,70773,52,deny
10762,MERGE,10762,9,deny
51002,MERGE,51002,197,deny
70706bl,MERGE,70706BL,52,deny
10771,MERGE,10771,33,deny
10085,MERGE,10085,296,deny
70920da,MERGE,70920DA,11,deny
rcd1980ccb,MERGE,RCD1980CCB,23,deny
10761,MERGE,10761,3,deny
83430,MERGE,83430,21,deny
83630,MERGE,83630,1,deny
70762,MERGE,70762,8,deny
83432,MERGE,83432,55,deny
rc703,MERGE,RC703,1,deny
43130,MERGE,43130,1,deny
5089.1,MERGE,5089.1,9,deny
10519a,MERGE,10519A,93,deny
65531,MERGE,65531,2,deny
8593,MERGE,8593,84,deny
859830,MERGE,859830,61,deny
110601,MERGE,110601,27,deny
1195v,MERGE,1195V,32,deny
10511v,MERGE,10511V,32,deny
10590,MERGE,10590,185,deny
8730930,MERGE,8730930,642,deny
8743530,MERGE,8743530,27,deny
8734830,MERGE,8734830,20,deny
8734530,MERGE,8734530,127,deny
8738630,MERGE,8738630,72,deny
8738730,MERGE,8738730,9,deny
8737130_a,MERGE,8737130_A,50,deny
8734330,MERGE,8734330,3,deny
8731930,MERGE,8731930,1,deny
8731530,MERGE,8731530,70,deny
8734230,MERGE,8734230,160,deny
8738430,MERGE,8738430,1,deny
8730530,MERGE,8730530,12,deny
8733130,MERGE,8733130,8,deny
8730630,MERGE,8730630,1,deny
8732630,MERGE,8732630,107,deny
8736830,MERGE,8736830,16,deny
8732030,MERGE,8732030,81,deny
8737130,MERGE,8737130,50,deny
67730,MERGE,67730,97,deny
65431,MERGE,65431,2,deny
67731,MERGE,67731,10,deny
8749030,MERGE,8749030,343,deny
8749530,MERGE,8749530,197,deny
8749430,MERGE,8749430,81,deny
8749630,MERGE,8749630,70,deny
90769a,MERGE,90769A,68,deny
8731830,MERGE,8731830,1,deny
8734930,MERGE,8734930,2072,deny
8735630,MERGE,8735630,98,deny
90763,MERGE,90763,30,deny
8733830,MERGE,8733830,128,deny
70956,MERGE,70956,77,deny
70907,MERGE,70907,61,deny
8749130,MERGE,8749130,3453,deny
8731730,MERGE,8731730,1763,deny
35400,MERGE,35400,937,deny
8732530,MERGE,8732530,241,deny
8732330,MERGE,8732330,244,deny
8731130,MERGE,8731130,190,deny
57550,MERGE,57550,1,deny
26431,MERGE,26431,75,deny
26430,MERGE,26430,75,deny
26450,MERGE,26450,10,deny
17450,MERGE,17450,8,deny
22851,MERGE,22851,8,deny
29850,MERGE,29850,1,deny
33332,MERGE,33332,37,deny
33231,MERGE,33231,32,deny
33232,MERGE,33232,16,deny
33331,MERGE,33331,29,deny
10593a,MERGE,10593A,68,deny
55750,MERGE,55750,11,deny
87932,MERGE,87932,27,deny
11061,MERGE,11061,133,deny
m-51173,MERGE,M-51173,38,deny
70152,MERGE,70152,10,deny
70150,MERGE,70150,6,deny
67800,MERGE,67800,243,deny
52430,MERGE,52430,54,deny
52330,MERGE,52330,14,deny
87304,MERGE,87304,1,deny
767red,MERGE,767RED,74,deny
767,MERGE,767,74,deny
8597,MERGE,8597,130,deny
8731230,MERGE,8731230,1,deny
689001,MERGE,689001,62,deny
689004,MERGE,689004,95,deny
699002,MERGE,699002,15,deny
699001,MERGE,699001,20,deny
70955,MERGE,70955,86,deny
10591,MERGE,10591,1,deny
85106,MERGE,85106,120,deny
85110,MERGE,85110,109,deny
69430,MERGE,69430,20,deny
rcj1866b,MERGE,RCJ1866B,105,deny
69330,MERGE,69330,8,deny
5090.1a,MERGE,5090.1A,6,deny
rcm681,MERGE,RCM681,207,deny
70054,MERGE,70054,90,deny
70052,MERGE,70052,99,deny
m-21072,MERGE,M-21072,37,deny
m-80513,MERGE,M-80513,112,deny
87930,MERGE,87930,4,deny
763ared,MERGE,763ARED,24,deny
867red,MERGE,867RED,364,deny
10526,MERGE,10526,468,deny
865red,MERGE,865RED,742,deny
863red,MERGE,863RED,37,deny
763red,MERGE,763RED,24,deny
764red,MERGE,764RED,49,deny
868red,MERGE,868RED,22,deny
67700,MERGE,67700,110,deny
744red,MERGE,744RED,430,deny
12132,MERGE,12132,14,deny
12130,MERGE,12130,24,deny
m-21073,MERGE,M-21073,50,deny
90765b,MERGE,90765B,1,deny
srb091777a,MERGE,SRB091777A,35,deny
m-5117,MERGE,M-5117,61,deny
31002,MERGE,31002,6,deny
71023,MERGE,71023,16,deny
n217-040,MERGE,N217-040,189,deny
70046,MERGE,70046,11,deny
55531,MERGE,55531,73,deny
55731,MERGE,55731,42,deny
24133,MERGE,24133,21,deny
m-51153,MERGE,M-51153,81,deny
m-5115,MERGE,M-5115,66,deny
m-2114,MERGE,M-2114,42,deny
m-21142,MERGE,M-21142,53,deny
m-21143,MERGE,M-21143,62,deny
91006,MERGE,91006,50,deny
91008,MERGE,91008,23,deny
91005,MERGE,91005,10,deny
91009,MERGE,91009,220,deny
91007,MERGE,91007,118,deny
11002,MERGE,11002,48,deny
52201,MERGE,52201,111,deny
52230,MERGE,52230,172,deny
52200,MERGE,52200,2183,deny
rcm682,MERGE,RCM682,514,deny
rcm670,MERGE,RCM670,251,deny
rcm674,MERGE,RCM674,467,deny
28300,MERGE,28300,40,deny
4517a,MERGE,4517A,92,deny
srb071777a,MERGE,SRB071777A,9,deny
srb990677a,MERGE,SRB990677A,7,deny
srb151791a,MERGE,SRB151791A,154,deny
srb041785a,MERGE,SRB041785A,41,deny
srb051785a,MERGE,SRB051785A,52,deny
srb091491a,MERGE,SRB091491A,32,deny
1073,MERGE,1073,197,deny
srb071791a,MERGE,SRB071791A,23,deny
srb991691a,MERGE,SRB991691A,44,deny
srb071785a,MERGE,SRB071785A,9,deny
srb091785a,MERGE,SRB091785A,1,deny
srb020877a,MERGE,SRB020877A,6,deny
11001,MERGE,11001,1,deny
70697,MERGE,70697,35,deny
50620,MERGE,50620,15,deny
50820,MERGE,50820,7,deny
50720,MERGE,50720,1,deny
51720,MERGE,51720,1,deny
51320,MERGE,51320,1,deny
rcm676,MERGE,RCM676,1629,deny
rcm684,MERGE,RCM684,167,deny
83600,MERGE,83600,10,deny
rcm680,MERGE,RCM680,512,deny
10517,MERGE,10517,27,deny
83400,MERGE,83400,6,deny
31000,MERGE,31000,99,deny
41816555a,MERGE,41816555A,1,deny
30230,MERGE,30230,132,deny
30200,MERGE,30200,199,deny
89716,MERGE,89716,476,deny
89715,MERGE,89715,309,deny
89717,MERGE,89717,267,deny
89370,MERGE,89370,430,deny
1776box1,MERGE,1776BOX1,206,deny
7593,MERGE,7593,86,deny
1028,MERGE,1028,232,deny
1015,MERGE,1015,515,deny
1134,MERGE,1134,175,deny
31230,MERGE,31230,17,deny
70194,MERGE,70194,27,deny
70191,MERGE,70191,11,deny
89713,MERGE,89713,279,deny
91003,MERGE,91003,53,deny
m-31313,MERGE,M-31313,22,deny
m-31312,MERGE,M-31312,73,deny
54531,MERGE,54531,6,deny
49800_a,MERGE,49800_A,15,deny
49800,MERGE,49800,15,deny
70712bl,MERGE,70712BL,412,deny
72750bl,MERGE,72750BL,186,deny
70750bl,MERGE,70750BL,337,deny
18734,MERGE,18734,15,deny
41517650a,MERGE,41517650A,20,deny
31200,MERGE,31200,63,deny
70689,MERGE,70689,15,deny
m-81712,MERGE,M-81712,91,deny
76630,MERGE,76630,147,deny
84170bg,MERGE,84170BG,102,deny
764,MERGE,764,122,deny
10514,MERGE,10514,19,deny
m-21513,MERGE,M-21513,21,deny
m-6155,MERGE,M-6155,15,deny
4216,MERGE,4216,25,deny
70959,MERGE,70959,113,deny
11910,MERGE,11910,1,deny
91000,MERGE,91000,609,deny
91004,MERGE,91004,216,deny
91002a,MERGE,91002A,424,deny
91001,MERGE,91001,332,deny
11000,MERGE,11000,51,deny
6501,MERGE,6501,566,deny
6503,MERGE,6503,111,deny
51001,MERGE,51001,914,deny
32120,MERGE,32120,12,deny
840833x,MERGE,840833X,53,deny
87820a,MERGE,87820A,11,deny
84083sm,MERGE,84083SM,13,deny
84083mm,MERGE,84083MM,32,deny
84083xl,MERGE,84083XL,25,deny
84083lg,MERGE,84083LG,33,deny
840832x,MERGE,840832X,22,deny
f-f21112a,MERGE,F-F21112A,33,deny
57531,MERGE,57531,1,deny
pro9500s,MERGE,PRO9500S,330,deny
pro12000s,MERGE,PRO12000S,1379,deny
pro12000,MERGE,PRO12000,269,deny
pro9500,MERGE,PRO9500,95,deny
10512,MERGE,10512,52,deny
10511,MERGE,10511,1,deny
5100,MERGE,5100,426,deny
10500,MERGE,10500,37,deny
10500,MERGE,10500,37,deny
56020,MERGE,56020,7,deny
70803bl,MERGE,70803BL,106,deny
52620,MERGE,52620,1,deny
74531,MERGE,74531,628,deny
740.23,MERGE,740.23,73,deny
534.20,MERGE,534.20,1,deny
70706,MERGE,70706,98,deny
50108,MERGE,50108,193,deny
10510,MERGE,10510,34,deny
70720bl,MERGE,70720BL,473,deny
55020,MERGE,55020,15,deny
50320,MERGE,50320,1,deny
50420,MERGE,50420,1,deny
10524,MERGE,10524,129,deny
36420,MERGE,36420,8,deny
36520,MERGE,36520,8,deny
35620,MERGE,35620,5,deny
35720,MERGE,35720,13,deny
1195,MERGE,1195,1,deny
84077xl,MERGE,84077XL,28,deny
84077sm,MERGE,84077SM,19,deny
84079lg,MERGE,84079LG,81,deny
840793x,MERGE,840793X,94,deny
84077mm,MERGE,84077MM,34,deny
84079sm,MERGE,84079SM,29,deny
84077lg,MERGE,84077LG,1,deny
840773x,MERGE,840773X,14,deny
840772x,MERGE,840772X,63,deny
84079mm,MERGE,84079MM,26,deny
84079xl,MERGE,84079XL,37,deny
84081mm,MERGE,84081MM,40,deny
840812x,MERGE,840812X,18,deny
84081sm,MERGE,84081SM,40,deny
840813x,MERGE,840813X,9,deny
84081xl,MERGE,84081XL,42,deny
84081lg,MERGE,84081LG,48,deny
840792x,MERGE,840792X,74,deny
10592a,MERGE,10592A,2,deny
10594a,MERGE,10594A,56,deny
87730,MERGE,87730,1,deny
57432,MERGE,57432,1,deny
57532,MERGE,57532,1,deny
59931,MERGE,59931,1,deny
59831,MERGE,59831,1,deny
1181,MERGE,1181,15,deny
70183,MERGE,70183,87,deny
17431,MERGE,17431,8,deny
17432,MERGE,17432,8,deny
1312,MERGE,1312,285,deny
72730bl,MERGE,72730BL,156,deny
70718bl,MERGE,70718BL,100,deny
70730bl,MERGE,70730BL,462,deny
487.20,MERGE,487.20,40,deny
870,MERGE,870,134,deny
87000,MERGE,87000,154,deny
875.23,MERGE,875.23,26,deny
75431,MERGE,75431,32,deny
75231,MERGE,75231,12,deny
747.23,MERGE,747.23,5,deny
95920,MERGE,95920,17,deny
70665,MERGE,70665,41,deny
1070a,MERGE,1070A,1,deny
337,MERGE,337,8,deny
33730,MERGE,33730,1,deny
22833,MERGE,22833,8,deny
32932,MERGE,32932,3,deny
rcm671,MERGE,RCM671,3108,deny
29833,MERGE,29833,1,deny
72940bl,MERGE,72940BL,235,deny
72930bl,MERGE,72930BL,317,deny
70000,MERGE,70000,291,deny
84170yl,MERGE,84170YL,134,deny
84170rd,MERGE,84170RD,535,deny
84170ob,MERGE,84170OB,126,deny
84170kg,MERGE,84170KG,103,deny
84170bm,MERGE,84170BM,273,deny
70657,MERGE,70657,189,deny
70912bl,MERGE,70912BL,160,deny
70930bl,MERGE,70930BL,150,deny
382.23,MERGE,382.23,5,deny
8596n2,MERGE,8596N2,134,deny
70628,MERGE,70628,8,deny
358.23,MERGE,358.23,137,deny
501025,MERGE,501025,67,deny
395.23,MERGE,395.23,22,deny
198.23,MERGE,198.23,186,deny
19432,MERGE,19432,14,deny
70728bl,MERGE,70728BL,44,deny
359.23,MERGE,359.23,14,deny
687,MERGE,687,9,deny
rcc9989qcb,MERGE,RCC9989QCB,14,deny
29133,MERGE,29133,1,deny
1171,MERGE,1171,233,deny
22333,MERGE,22333,1,deny
24733,MERGE,24733,1,deny
22434,MERGE,22434,1,deny
70916a,MERGE,70916A,137,deny
367.20,MERGE,367.20,13,deny
373.20,MERGE,373.20,13,deny
532.20,MERGE,532.20,9,deny
527.20,MERGE,527.20,9,deny
761,MERGE,761,19,deny
762,MERGE,762,15,deny
868,MERGE,868,75,deny
75230,MERGE,75230,13,deny
268.23,MERGE,268.23,186,deny
27731,MERGE,27731,14,deny
246.23,MERGE,246.23,186,deny
1200,MERGE,1200,57,deny
50006,MERGE,50006,753,deny
50004,MERGE,50004,321,deny
54623,MERGE,54623,8,deny
41716501a,MERGE,41716501A,731,deny
72730,MERGE,72730,58,deny
17800,MERGE,17800,1,deny
18102,MERGE,18102,8,deny
18802,MERGE,18802,8,deny
70625,MERGE,70625,19,deny
70624,MERGE,70624,8,deny
1314,MERGE,1314,36,deny
17901,MERGE,17901,1,deny
18400,MERGE,18400,1,deny
18300,MERGE,18300,1,deny
18201,MERGE,18201,1,deny
1311,MERGE,1311,566,deny
70622,MERGE,70622,13,deny
70630,MERGE,70630,27,deny
4515a,MERGE,4515A,175,deny
4509a,MERGE,4509A,16,deny
4609a,MERGE,4609A,160,deny
4299a,MERGE,4299A,88,deny
4215,MERGE,4215,1,deny
70903bl,MERGE,70903BL,1379,deny
72950bl,MERGE,72950BL,86,deny
70950bl,MERGE,70950BL,365,deny
70920bl,MERGE,70920BL,387,deny
763,MERGE,763,29,deny
763a,MERGE,763A,29,deny
70514b,MERGE,70514B,101,deny
70514a,MERGE,70514A,101,deny
70513a,MERGE,70513A,52,deny
70513b,MERGE,70513B,52,deny
19831,MERGE,19831,52,deny
1082,MERGE,1082,41,deny
rcj9746a,MERGE,RCJ9746A,1,deny
f-c11413a,MERGE,F-C11413A,36,deny
f-c11511a,MERGE,F-C11511A,36,deny
363,MERGE,363,13,deny
68900u,MERGE,68900U,73,deny
61600u,MERGE,61600U,76,deny
67222,MERGE,67222,17,deny
68622,MERGE,68622,67,deny
61822,MERGE,61822,17,deny
61722,MERGE,61722,67,deny
68922,MERGE,68922,73,deny
61622,MERGE,61622,73,deny
m-31212,MERGE,M-31212,72,deny
m-2071,MERGE,M-2071,49,deny
m-51223,MERGE,M-51223,58,deny
m-20713,MERGE,M-20713,38,deny
m-21412,MERGE,M-21412,36,deny
m-51213,MERGE,M-51213,3,deny
m-51112,MERGE,M-51112,73,deny
m-60712,MERGE,M-60712,36,deny
5083.1,MERGE,5083.1,5,deny
396.20,MERGE,396.20,6,deny
343.20,MERGE,343.20,168,deny
1066,MERGE,1066,184,deny
70567,MERGE,70567,8,deny
744,MERGE,744,192,deny
70538a,MERGE,70538A,3,deny
70171,MERGE,70171,1,deny
70172,MERGE,70172,163,deny
70538,MERGE,70538,3,deny
70170,MERGE,70170,175,deny
222,MERGE,222,11,deny
709b-3,MERGE,709B-3,23,deny
709b-4,MERGE,709B-4,11,deny
709b-2,MERGE,709B-2,30,deny
20800,MERGE,20800,8,deny
28101,MERGE,28101,1,deny
28100,MERGE,28100,1,deny
28701,MERGE,28701,1,deny
26330,MERGE,26330,29,deny
26131,MERGE,26131,20,deny
26130,MERGE,26130,20,deny
20901,MERGE,20901,2,deny
26331,MERGE,26331,29,deny
20801,MERGE,20801,8,deny
26230,MERGE,26230,7,deny
26231,MERGE,26231,7,deny
28601,MERGE,28601,1,deny
709b1,MERGE,709B1,112,deny
709sw,MERGE,709SW,1145,deny
589.20,MERGE,589.20,9,deny
567.20,MERGE,567.20,9,deny
70542,MERGE,70542,9,deny
37730a,MERGE,37730A,253,deny
41515550a,MERGE,41515550A,94,deny
41714551a,MERGE,41714551A,199,deny
41509550a,MERGE,41509550A,186,deny
41207550a,MERGE,41207550A,108,deny
41207650a,MERGE,41207650A,25,deny
41509650a,MERGE,41509650A,22,deny
41309550a,MERGE,41309550A,30,deny
41288650a,MERGE,41288650A,29,deny
4207a,MERGE,4207A,122,deny
4208,MERGE,4208,84,deny
4214,MERGE,4214,23,deny
4504a,MERGE,4504A,21,deny
70536,MERGE,70536,68,deny
70539,MERGE,70539,24,deny
377,MERGE,377,1100,deny
1557box6,MERGE,1557BOX6,13,deny
70533,MERGE,70533,1,deny
595,MERGE,595,9,deny
874.20,MERGE,874.20,4,deny
1875box4,MERGE,1875BOX4,31,deny
1725box1,MERGE,1725BOX1,38,deny
726,MERGE,726,25,deny
725.20,MERGE,725.20,1,deny
923,MERGE,923,44,deny
924,MERGE,924,44,deny
22431,MERGE,22431,1,deny
22635,MERGE,22635,1,deny
22832,MERGE,22832,8,deny
22731,MERGE,22731,1,deny
22330,MERGE,22330,1,deny
1075,MERGE,1075,153,deny
84166kg,MERGE,84166KG,356,deny
84166sr,MERGE,84166SR,238,deny
536.20,MERGE,536.20,1,deny
538.20,MERGE,538.20,1,deny
537.20,MERGE,537.20,1,deny
539.20,MERGE,539.20,1,deny
89310s,MERGE,89310S,371,deny
89335s,MERGE,89335S,430,deny
89330s,MERGE,89330S,305,deny
89340s,MERGE,89340S,136,deny
70527,MERGE,70527,10,deny
89360s,MERGE,89360S,235,deny
922,MERGE,922,934,deny
921,MERGE,921,47,deny
70525,MERGE,70525,281,deny
1024,MERGE,1024,2,deny
55530,MERGE,55530,181,deny
55730,MERGE,55730,209,deny
70524,MERGE,70524,185,deny
89710,MERGE,89710,205,deny
rcg1583ccb,MERGE,RCG1583CCB,127,deny
rct0786ccb,MERGE,RCT0786CCB,1,deny
rcf9984ccb,MERGE,RCF9984CCB,27,deny
rct0580ccb,MERGE,RCT0580CCB,39,deny
70522,MERGE,70522,7,deny
70523,MERGE,70523,68,deny
8735430,MERGE,8735430,2,deny
57530,MERGE,57530,1,deny
57430,MERGE,57430,1,deny
583.20,MERGE,583.20,1,deny
582.20,MERGE,582.20,1,deny
84166yl,MERGE,84166YL,78,deny
84166rd,MERGE,84166RD,305,deny
84166pk,MERGE,84166PK,519,deny
84166bg,MERGE,84166BG,134,deny
70518,MERGE,70518,3,deny
23630,MERGE,23630,30,deny
1196,MERGE,1196,87,deny
24730,MERGE,24730,1,deny
23732,MERGE,23732,25,deny
18731,MERGE,18731,16,deny
24831,MERGE,24831,1,deny
70517,MERGE,70517,1,deny
70514,MERGE,70514,101,deny
1074,MERGE,1074,27,deny
90764b,MERGE,90764B,1,deny
70516,MERGE,70516,129,deny
1052,MERGE,1052,8,deny
1044,MERGE,1044,1,deny
1042,MERGE,1042,128,deny
70210,MERGE,70210,10,deny
57030,MERGE,57030,36,deny
570,MERGE,570,137,deny
70510,MERGE,70510,56,deny
70513,MERGE,70513,52,deny
70508,MERGE,70508,46,deny
84067,MERGE,84067,35,deny
84069,MERGE,84069,46,deny
84070,MERGE,84070,62,deny
84068,MERGE,84068,49,deny
1002,MERGE,1002,1,deny
1175,MERGE,1175,8,deny
1161,MERGE,1161,61,deny
1071,MERGE,1071,224,deny
7664,MERGE,7664,32,deny
7607,MERGE,7607,383,deny
7526,MERGE,7526,120,deny
7662,MERGE,7662,5,deny
7661,MERGE,7661,18,deny
7666,MERGE,7666,67,deny
7659,MERGE,7659,30,deny
7608,MERGE,7608,140,deny
7667,MERGE,7667,144,deny
7613,MERGE,7613,4,deny
7669,MERGE,7669,154,deny
7671,MERGE,7671,217,deny
7656,MERGE,7656,351,deny
7609,MERGE,7609,252,deny
7610,MERGE,7610,53,deny
7657,MERGE,7657,1,deny
7649,MERGE,7649,46,deny
7655,MERGE,7655,473,deny
7623,MERGE,7623,563,deny
7637,MERGE,7637,144,deny
7633,MERGE,7633,39,deny
7631,MERGE,7631,182,deny
7630,MERGE,7630,274,deny
7629,MERGE,7629,740,deny
7627,MERGE,7627,26,deny
7622,MERGE,7622,92,deny
7654,MERGE,7654,7,deny
7621,MERGE,7621,262,deny
7601,MERGE,7601,49,deny
7614,MERGE,7614,16,deny
7615,MERGE,7615,443,deny
7616,MERGE,7616,319,deny
7618,MERGE,7618,94,deny
7638,MERGE,7638,158,deny
7639,MERGE,7639,548,deny
7640,MERGE,7640,181,deny
7602,MERGE,7602,322,deny
7603,MERGE,7603,232,deny
7643,MERGE,7643,131,deny
7645,MERGE,7645,1,deny
7646,MERGE,7646,30,deny
7647,MERGE,7647,2,deny
7648,MERGE,7648,50,deny
7617,MERGE,7617,239,deny
7650,MERGE,7650,354,deny
7651,MERGE,7651,34,deny
7604,MERGE,7604,403,deny
7605,MERGE,7605,1,deny
7652,MERGE,7652,165,deny
7653,MERGE,7653,194,deny
7668,MERGE,7668,320,deny
7611,MERGE,7611,68,deny
211,MERGE,211,49,deny
203,MERGE,203,49,deny
213,MERGE,213,40,deny
212,MERGE,212,40,deny
rc84050.35,MERGE,RC84050.35,99,deny
rc52-5173,MERGE,RC52-5173,17,deny
rc85350.35,MERGE,RC85350.35,68,deny
rc85020.35,MERGE,RC85020.35,201,deny
rc85460.35,MERGE,RC85460.35,97,deny
rc85570.35,MERGE,RC85570.35,72,deny
rc85240.35,MERGE,RC85240.35,96,deny
rc85130.35,MERGE,RC85130.35,30,deny
rc85350.70,MERGE,RC85350.70,61,deny
rc85020.70,MERGE,RC85020.70,102,deny
569,MERGE,569,613,deny
56930,MERGE,56930,64,deny
369.20,MERGE,369.20,5,deny
6593,MERGE,6593,422,deny
6591,MERGE,6591,339,deny
6592,MERGE,6592,548,deny
6594,MERGE,6594,782,deny
6596,MERGE,6596,446,deny
70507,MERGE,70507,19,deny
5095.1,MERGE,5095.1,22,deny
1068,MERGE,1068,46,deny
358,MERGE,358,34,deny
698.20,MERGE,698.20,8,deny
1092,MERGE,1092,102,deny
1179,MERGE,1179,249,deny
1180,MERGE,1180,28,deny
620n2,MERGE,620N2,75,deny
622n2,MERGE,622N2,2,deny
622m.20,MERGE,622M.20,2,deny
292.20,MERGE,292.20,29,deny
rc714,MERGE,RC714,40,deny
294.20,MERGE,294.20,29,deny
293.20,MERGE,293.20,24,deny
rc158545,MERGE,RC158545,722,deny
rc51-7873,MERGE,RC51-7873,799,deny
rc51-6885,MERGE,RC51-6885,357,deny
rc51-6883,MERGE,RC51-6883,828,deny
rc51-6881,MERGE,RC51-6881,147,deny
rc51-5885,MERGE,RC51-5885,821,deny
rc51-5883,MERGE,RC51-5883,140,deny
rc51-5873,MERGE,RC51-5873,212,deny
rc51-5185,MERGE,RC51-5185,84,deny
rc52-6866,MERGE,RC52-6866,212,deny
rc51-5165,MERGE,RC51-5165,142,deny
37430,MERGE,37430,159,deny
6003,MERGE,6003,174,deny
6004,MERGE,6004,20,deny
70044,MERGE,70044,134,deny
70043,MERGE,70043,84,deny
70503,MERGE,70503,35,deny
70804,MERGE,70804,517,deny
29130,MERGE,29130,1,deny
799,MERGE,799,77,deny
798,MERGE,798,52,deny
777,MERGE,777,2,deny
779,MERGE,779,6,deny
19431a,MERGE,19431A,33,deny
1307,MERGE,1307,4106,deny
727,MERGE,727,11,deny
724,MERGE,724,30,deny
7599,MERGE,7599,377,deny
346.23,MERGE,346.23,16,deny
348.23,MERGE,348.23,9,deny
391.23,MERGE,391.23,1,deny
392.23,MERGE,392.23,1,deny
349.23,MERGE,349.23,9,deny
393.23,MERGE,393.23,1,deny
394.23,MERGE,394.23,1,deny
347.23,MERGE,347.23,16,deny
652,MERGE,652,5,deny
653.20,MERGE,653.20,182,deny
652.20,MERGE,652.20,5,deny
642.20,MERGE,642.20,5,deny
644.20,MERGE,644.20,7,deny
61120,MERGE,61120,1,deny
61220,MERGE,61220,1,deny
647.20,MERGE,647.20,42,deny
647,MERGE,647,44,deny
646.20,MERGE,646.20,5,deny
646,MERGE,646,5,deny
641.20,MERGE,641.20,30,deny
653,MERGE,653,205,deny
656,MERGE,656,43,deny
593.20,MERGE,593.20,4,deny
584.20,MERGE,584.20,5,deny
596.20,MERGE,596.20,4,deny
597.20,MERGE,597.20,15,deny
588.20,MERGE,588.20,5,deny
594.20,MERGE,594.20,15,deny
746.20,MERGE,746.20,36,deny
747.20,MERGE,747.20,1,deny
792,MERGE,792,9,deny
rs108,MERGE,RS108,303,deny
rs109,MERGE,RS109,1,deny
rs107,MERGE,RS107,768,deny
5073.1a,MERGE,5073.1A,1,deny
5071.1b,MERGE,5071.1B,1,deny
72330,MERGE,72330,10,deny
5072.1,MERGE,5072.1,16,deny
795,MERGE,795,48,deny
794,MERGE,794,71,deny
722.20,MERGE,722.20,25,deny
721.20,MERGE,721.20,23,deny
1188,MERGE,1188,77,deny
1072,MERGE,1072,280,deny
69620,MERGE,69620,18,deny
63330,MERGE,63330,8,deny
1163,MERGE,1163,72,deny
867,MERGE,867,177,deny
1118,MERGE,1118,95,deny
5088.1,MERGE,5088.1,2,deny
866,MERGE,866,364,deny
11920,MERGE,11920,37,deny
1004,MERGE,1004,45,deny
87400,MERGE,87400,27,deny
rc610,MERGE,RC610,9,deny
8735530,MERGE,8735530,55,deny
rc0500,MERGE,RC0500,78,deny
rc0501,MERGE,RC0501,25,deny
rc609,MERGE,RC609,10,deny
8732130,MERGE,8732130,77,deny
87307,MERGE,87307,18,deny
87316,MERGE,87316,58,deny
rc701,MERGE,RC701,49,deny
87308,MERGE,87308,316,deny
8733630,MERGE,8733630,1,deny
8748930,MERGE,8748930,21,deny
87445,MERGE,87445,1,deny
8737530,MERGE,8737530,47,deny
87361,MERGE,87361,46,deny
87351,MERGE,87351,231,deny
1091,MERGE,1091,576,deny
8733430,MERGE,8733430,38,deny
rc601,MERGE,RC601,51,deny
1100,MERGE,1100,84,deny
1065,MERGE,1065,2394,deny
rc607,MERGE,RC607,18,deny
1157,MERGE,1157,44,deny
rc608,MERGE,RC608,29,deny
1099,MERGE,1099,256,deny
n205-730,MERGE,N205-730,35,deny
8732430,MERGE,8732430,208,deny
1097,MERGE,1097,132,deny
1096,MERGE,1096,45,deny
1101,MERGE,1101,842,deny
1095,MERGE,1095,118,deny
1094a,MERGE,1094A,476,deny
rc0503,MERGE,RC0503,10,deny
rc0502,MERGE,RC0502,128,deny
1090,MERGE,1090,299,deny
1020,MERGE,1020,90,deny
1047,MERGE,1047,302,deny
7594,MERGE,7594,64,deny
1669tc,MERGE,1669TC,50,deny
1622tc,MERGE,1622TC,65,deny
1668tc,MERGE,1668TC,68,deny
84026,MERGE,84026,68,deny
84164w,MERGE,84164W,490,deny
84066,MERGE,84066,48,deny
84166w,MERGE,84166W,2259,deny
84170g,MERGE,84170G,9868,deny
84026ls,MERGE,84026LS,5,deny
rs120,MERGE,RS120,173,deny
11470,MERGE,11470,1,deny
11350,MERGE,11350,1,deny
rs106a,MERGE,RS106A,1094,deny
11300,MERGE,11300,1,deny
rs115,MERGE,RS115,121,deny
rs125,MERGE,RS125,58,deny
1046,MERGE,1046,6,deny
11380,MERGE,11380,11,deny
1049,MERGE,1049,40,deny
11990,MERGE,11990,44,deny
1056,MERGE,1056,3,deny
1055,MERGE,1055,9,deny
10570,MERGE,10570,19,deny
11980,MERGE,11980,44,deny
1064,MERGE,1064,12,deny
1058,MERGE,1058,176,deny
11390,MERGE,11390,1,deny
11360,MERGE,11360,1,deny
1080,MERGE,1080,49,deny
1010,MERGE,1010,21,deny
1173,MERGE,1173,7,deny
1012,MERGE,1012,1,deny
11900,MERGE,11900,14,deny
1189,MERGE,1189,374,deny
11370,MERGE,11370,18,deny
1162,MERGE,1162,5,deny
1112,MERGE,1112,111,deny
6618,MERGE,6618,438,deny
6624,MERGE,6624,316,deny
6622,MERGE,6622,360,deny
5059,MERGE,5059,17,deny
6619,MERGE,6619,129,deny
1030,MERGE,1030,220,deny
6616,MERGE,6616,1,deny
6615,MERGE,6615,85,deny
6614,MERGE,6614,144,deny
6612,MERGE,6612,231,deny
6611,MERGE,6611,230,deny
89703,MERGE,89703,77,deny
6610,MERGE,6610,29,deny
6609,MERGE,6609,96,deny
6608,MERGE,6608,13,deny
6606,MERGE,6606,105,deny
6605,MERGE,6605,178,deny
89702,MERGE,89702,553,deny
6603,MERGE,6603,24,deny
1108,MERGE,1108,53,deny
5040,MERGE,5040,456,deny
1158,MERGE,1158,348,deny
1159,MERGE,1159,30,deny
1184,MERGE,1184,13,deny
1185,MERGE,1185,97,deny
1186,MERGE,1186,191,deny
1038,MERGE,1038,170,deny
1142,MERGE,1142,352,deny
1143,MERGE,1143,123,deny
1036,MERGE,1036,8,deny
1043,MERGE,1043,55,deny
1063,MERGE,1063,3,deny
1077,MERGE,1077,150,deny
87151,MERGE,87151,3996,deny
89708,MERGE,89708,345,deny
89707,MERGE,89707,308,deny
1197,MERGE,1197,672,deny
6601,MERGE,6601,562,deny
87150,MERGE,87150,13855,deny
110600,MERGE,110600,95,deny
rc0403,MERGE,RC0403,169,deny
89705,MERGE,89705,338,deny
1167,MERGE,1167,230,deny
rc0402,MERGE,RC0402,41,deny
1029,MERGE,1029,45,deny
6602,MERGE,6602,223,deny
6600,MERGE,6600,349,deny
1402,MERGE,1402,203,deny
5097.1,MERGE,5097.1,3,deny
5099.1,MERGE,5099.1,4,deny
rc0340,MERGE,RC0340,111,deny
1146,MERGE,1146,474,deny
7572,MERGE,7572,142,deny
1119,MERGE,1119,18,deny
rc0283,MERGE,RC0283,44,deny
rc0274,MERGE,RC0274,46,deny
1126,MERGE,1126,4,deny
1053,MERGE,1053,148,deny
1127,MERGE,1127,142,deny
87159,MERGE,87159,7800,deny
1128,MERGE,1128,251,deny
rc0270,MERGE,RC0270,21,deny
1129,MERGE,1129,73,deny
1019,MERGE,1019,346,deny
1018,MERGE,1018,24,deny
89501,MERGE,89501,57,deny
1087,MERGE,1087,198,deny
1627,MERGE,1627,19,deny
1088,MERGE,1088,65,deny
1131,MERGE,1131,141,deny
342,MERGE,342,8,deny
1067,MERGE,1067,383,deny
5087.1,MERGE,5087.1,10,deny
7508,MERGE,7508,88,deny
5061,MERGE,5061,10,deny
1022,MERGE,1022,217,deny
1081,MERGE,1081,44,deny
1023,MERGE,1023,4,deny
1154,MERGE,1154,47,deny
1141,MERGE,1141,143,deny
1113,MERGE,1113,121,deny
1153,MERGE,1153,18,deny
1115,MERGE,1115,108,deny
1117,MERGE,1117,11,deny
5074.1_a,MERGE,5074.1_A,30,deny
5074.1a,MERGE,5074.1A,30,deny
rc0401,MERGE,RC0401,120,deny
rc0400,MERGE,RC0400,47,deny
1051,MERGE,1051,188,deny
5076.1a,MERGE,5076.1A,9,deny
5078.1,MERGE,5078.1,5,deny
1089,MERGE,1089,59,deny
1035,MERGE,1035,97,deny
50-7907,MERGE,50-7907,1016,deny
1033,MERGE,1033,1,deny
876,MERGE,876,50,deny
1107,MERGE,1107,7,deny
1328box4,MERGE,1328BOX4,69,deny
1272box4,MERGE,1272BOX4,85,deny
1297box6,MERGE,1297BOX6,20,deny
1144,MERGE,1144,40,deny
1262,MERGE,1262,15,deny
705n3,MERGE,705N3,1,deny
875.20,MERGE,875.20,20,deny
71030,MERGE,71030,58,deny
76530,MERGE,76530,12,deny
733.20,MERGE,733.20,44,deny
863,MERGE,863,1,deny
865,MERGE,865,208,deny
700n3,MERGE,700N3,76,deny
770s,MERGE,770S,8,deny
87001,MERGE,87001,56,deny
734.20,MERGE,734.20,45,deny
73530,MERGE,73530,5,deny
871,MERGE,871,4,deny
736.20,MERGE,736.20,4,deny
74030,MERGE,74030,43,deny
75430,MERGE,75430,32,deny
74530,MERGE,74530,248,deny
71530,MERGE,71530,1,deny
1060,MERGE,1060,18,deny
7596,MERGE,7596,222,deny
61030,MERGE,61030,1,deny
90900u,MERGE,90900U,6,deny
66300u,MERGE,66300U,11,deny
66130,MERGE,66130,1,deny
65830,MERGE,65830,24,deny
658,MERGE,658,16,deny
90820,MERGE,90820,6,deny
650,MERGE,650,42,deny
64530,MERGE,64530,35,deny
64030,MERGE,64030,35,deny
639p,MERGE,639P,14,deny
63830,MERGE,63830,1,deny
63800u,MERGE,63800U,1,deny
636.20,MERGE,636.20,31,deny
632.20,MERGE,632.20,21,deny
63122,MERGE,63122,1,deny
630xn2,MERGE,630XN2,11,deny
630n2,MERGE,630N2,6,deny
62630,MERGE,62630,29,deny
62530,MERGE,62530,98,deny
60530,MERGE,60530,21,deny
60030,MERGE,60030,21,deny
66220,MERGE,66220,1,deny
65030,MERGE,65030,10,deny
664,MERGE,664,68,deny
675-76-8130,MERGE,675-76-8130,23,deny
90222,MERGE,90222,1,deny
90200u,MERGE,90200U,1,deny
900.20,MERGE,900.20,1,deny
69530,MERGE,69530,103,deny
695,MERGE,695,38,deny
68530,MERGE,68530,26,deny
68030,MERGE,68030,36,deny
68820,MERGE,68820,53,deny
67530,MERGE,67530,23,deny
670n2,MERGE,670N2,111,deny
670xn2,MERGE,670XN2,26,deny
perf693,MERGE,PERF693,69,deny
perf678,MERGE,PERF678,177,deny
624,MERGE,624,17,deny
67930,MERGE,67930,130,deny
65730,MERGE,65730,54,deny
7597,MERGE,7597,549,deny
901,MERGE,901,8,deny
67330,MERGE,67330,3,deny
perf694,MERGE,PERF694,114,deny
651,MERGE,651,22,deny
635,MERGE,635,3,deny
68230,MERGE,68230,11,deny
68130,MERGE,68130,36,deny
67430,MERGE,67430,1,deny
65130,MERGE,65130,66,deny
9265,MERGE,9265,53,deny
82030,MERGE,82030,3,deny
9264-4,MERGE,9264-4,83,deny
82530,MERGE,82530,3,deny
830n3,MERGE,830N3,28,deny
83530,MERGE,83530,27,deny
9451,MERGE,9451,49,deny
535.20,MERGE,535.20,1,deny
525.20,MERGE,525.20,134,deny
400-70-7630,MERGE,400-70-7630,22,deny
530-77-7930,MERGE,530-77-7930,1,deny
530-70-7630,MERGE,530-70-7630,1,deny
41030,MERGE,41030,38,deny
52830,MERGE,52830,67,deny
420.20,MERGE,420.20,21,deny
520b30,MERGE,520B30,142,deny
52030,MERGE,52030,49,deny
42230,MERGE,42230,83,deny
42530,MERGE,42530,83,deny
43030,MERGE,43030,4,deny
43530,MERGE,43530,4,deny
44030,MERGE,44030,4,deny
445-70-76.20,MERGE,445-70-76.20,7,deny
445-78-79.20,MERGE,445-78-79.20,34,deny
450.20,MERGE,450.20,10,deny
465.20,MERGE,465.20,49,deny
465b.20,MERGE,465B.20,60,deny
46730,MERGE,46730,109,deny
470.20,MERGE,470.20,16,deny
51030,MERGE,51030,83,deny
472.20,MERGE,472.20,157,deny
48030,MERGE,48030,1,deny
48530,MERGE,48530,1,deny
500-77-79.20,MERGE,500-77-79.20,1,deny
40530,MERGE,40530,97,deny
500-70-76.20,MERGE,500-70-76.20,1,deny
7503,MERGE,7503,137,deny
395,MERGE,395,271,deny
355.20,MERGE,355.20,1,deny
9285,MERGE,9285,44,deny
345.20,MERGE,345.20,1,deny
474,MERGE,474,43,deny
47430,MERGE,47430,93,deny
476.20,MERGE,476.20,2,deny
477.20,MERGE,477.20,2,deny
341.20,MERGE,341.20,1,deny
481.20,MERGE,481.20,7,deny
486.20,MERGE,486.20,16,deny
488.20,MERGE,488.20,1,deny
489.20,MERGE,489.20,119,deny
4908030,MERGE,4908030,30,deny
4918230,MERGE,4918230,30,deny
4918630,MERGE,4918630,36,deny
7578,MERGE,7578,93,deny
49330,MERGE,49330,1,deny
49430,MERGE,49430,29,deny
335.20,MERGE,335.20,1,deny
49530,MERGE,49530,111,deny
49630,MERGE,49630,1,deny
350.20,MERGE,350.20,1,deny
331.20,MERGE,331.20,1,deny
39530,MERGE,39530,24,deny
330.20,MERGE,330.20,1,deny
39730,MERGE,39730,62,deny
381.20,MERGE,381.20,7,deny
305.20,MERGE,305.20,13,deny
306.20,MERGE,306.20,7,deny
310.20,MERGE,310.20,3,deny
380.20,MERGE,380.20,7,deny
415.20,MERGE,415.20,11,deny
37630,MERGE,37630,1,deny
49730,MERGE,49730,1,deny
374,MERGE,374,272,deny
311.20,MERGE,311.20,3,deny
325.20,MERGE,325.20,2,deny
32630,MERGE,32630,3,deny
36630,MERGE,36630,17,deny
3592,MERGE,3592,47,deny
32730,MERGE,32730,3,deny
32830,MERGE,32830,2,deny
32930,MERGE,32930,3,deny
359,MERGE,359,16,deny
49230,MERGE,49230,1,deny
340.20,MERGE,340.20,1,deny
514,MERGE,514,2399,deny
565.20,MERGE,565.20,9,deny
578.20,MERGE,578.20,9,deny
56830,MERGE,56830,9,deny
509.20,MERGE,509.20,7,deny
511,MERGE,511,35,deny
568,MERGE,568,24,deny
566.20,MERGE,566.20,25,deny
51130,MERGE,51130,35,deny
564.20,MERGE,564.20,25,deny
505.20,MERGE,505.20,1,deny
563.20,MERGE,563.20,17,deny
562.20,MERGE,562.20,16,deny
561.20,MERGE,561.20,7,deny
54720,MERGE,54720,7,deny
54620,MERGE,54620,7,deny
9219,MERGE,9219,203,deny
521.20,MERGE,521.20,16,deny
580.20,MERGE,580.20,9,deny
579.20,MERGE,579.20,9,deny
581.20,MERGE,581.20,9,deny
336.20,MERGE,336.20,1,deny
7544,MERGE,7544,53,deny
585,MERGE,585,3,deny
50130,MERGE,50130,124,deny
516.20,MERGE,516.20,7,deny
59930,MERGE,59930,1,deny
59830,MERGE,59830,1,deny
12930,MERGE,12930,1,deny
105n3,MERGE,105N3,14,deny
256.20,MERGE,256.20,1,deny
135-88-9230,MERGE,135-88-9230,16,deny
13530,MERGE,13530,67,deny
11530,MERGE,11530,10,deny
21530,MERGE,21530,1,deny
21030,MERGE,21030,1,deny
214-88-9230,MERGE,214-88-9230,1,deny
12830,MERGE,12830,1,deny
10030,MERGE,10030,1,deny
21430,MERGE,21430,1,deny
12530,MERGE,12530,1,deny
12630,MERGE,12630,1,deny
12730,MERGE,12730,1,deny
12030,MERGE,12030,10,deny
19530,MERGE,19530,16,deny
14030,MERGE,14030,110,deny
265-88-9230,MERGE,265-88-9230,16,deny
140-88-9230,MERGE,140-88-9230,16,deny
24030,MERGE,24030,36,deny
245.20,MERGE,245.20,47,deny
18030,MERGE,18030,1,deny
249.20,MERGE,249.20,1,deny
18530,MERGE,18530,14,deny
18630,MERGE,18630,46,deny
26530,MERGE,26530,35,deny
20530,MERGE,20530,1,deny
25030,MERGE,25030,134,deny
19730,MERGE,19730,1,deny
19630,MERGE,19630,16,deny
250-88-9230,MERGE,250-88-9230,6,deny
251.20,MERGE,251.20,1,deny
25530,MERGE,25530,1,deny
255-88-9230,MERGE,255-88-9230,1,deny
23530,MERGE,23530,53,deny
235-88-9230,MERGE,235-88-9230,16,deny
150.20,MERGE,150.20,18,deny
26730,MERGE,26730,10,deny
155.20,MERGE,155.20,1,deny
160.20,MERGE,160.20,1,deny
145.20,MERGE,145.20,70,deny
289,MERGE,289,113,deny
225n2,MERGE,225N2,8,deny
27030,MERGE,27030,61,deny
920,MERGE,920,40,deny
8595,MERGE,8595,222,deny
9593,MERGE,9593,219,deny
207,MERGE,207,8,deny
8592,MERGE,8592,252,deny
24230,MERGE,24230,74,deny
7500,MERGE,7500,150,deny
27630,MERGE,27630,115,deny
230n3,MERGE,230N3,106,deny
27430,MERGE,27430,115,deny
17030,MERGE,17030,60,deny
9592,MERGE,9592,333,deny
16530,MERGE,16530,62,deny
7501,MERGE,7501,199,deny
28330,MERGE,28330,936,deny
7592,MERGE,7592,368,deny
26830,MERGE,26830,52,deny
